:020000040800F2
:100000000050002065320008292C00082B2C000825
:100010002D2C00082F2C0008312C000800000000B7
:10002000000000000000000000000000332C000869
:10003000352C000800000000372C0008392C00087F
:10004000AD320008AD320008AD320008AD32000814
:10005000AD320008AD320008AD320008AD32000804
:10006000AD320008AD320008AD320008412C000866
:10007000AD320008AD320008512C0008612C000898
:10008000AD320008AD320008AD320008712C000816
:10009000812C0008912C0008A12C0008AD3200082A
:1000A000AD320008B12C0008AD320008AD320008B6
:1000B000AD320008B92C0008C12C0008AD32000890
:1000C000AD320008AD320008AD320008AD32000894
:1000D000AD320008C92C0008AD320008AD3200086E
:1000E000AD320008AD320008AD320008000000005B
:1000F0000000000000000000000000000000000000
:0C01000000000000000000005FF808F1A3
:1001100010B5054C237833B9044B13B10448AFF341
:1001200000800123237010BD080A00200000000099
:10013000BC44010808B5034B1BB103490348AFF3A6
:10014000008008BD000000000C0A0020BC4401082B
:1001500081F0004102E000BF83F0004330B54FEA78
:1001600041044FEA430594EA050F08BF90EA020FE5
:100170001FBF54EA000C55EA020C7FEA645C7FEA78
:10018000655C00F0E2804FEA5454D4EB5555B8BF9B
:100190006D420CDD2C4480EA020281EA030382EA0C
:1001A000000083EA010180EA020281EA0303362D9E
:1001B00088BF30BD11F0004F4FEA01314FF4801C71
:1001C0004CEA113102D0404261EB410113F0004F83
:1001D0004FEA03334CEA133302D0524263EB43033A
:1001E00094EA050F00F0A780A4F10104D5F1200ED8
:1001F0000DDB02FA0EFC22FA05F2801841F1000133
:1002000003FA0EF2801843FA05F359410EE0A5F106
:1002100020050EF1200E012A03FA0EFC28BF4CF037
:10022000020C43FA05F3C01851EBE37101F00045ED
:1002300007D54FF0000EDCF1000C7EEB00006EEBFA
:100240000101B1F5801F1BD3B1F5001F0CD3490884
:100250005FEA30004FEA3C0C04F101044FEA4452DB
:1002600012F5800F80F09A80BCF1004F08BF5FEA62
:10027000500C50F1000041EB045141EA050130BD42
:100280005FEA4C0C404141EB0101013C28BFB1F554
:10029000801FE9D291F0000F04BF01460020B1FA9F
:1002A00081F308BF2033A3F10B03B3F120020CDA72
:1002B0000C3208DD02F1140CC2F10C0201FA0CF050
:1002C00021FA02F10CE002F11402D8BFC2F1200CB5
:1002D00001FA02F120FA0CFCDCBF41EA0C0190406B
:1002E000E41AA2BF01EB0451294330BD6FEA0404B4
:1002F0001F3C1CDA0C340EDC04F11404C4F120029F
:1003000020FA04F001FA02F340EA030021FA04F3B0
:1003100045EA030130BDC4F10C04C4F1200220FA07
:1003200002F001FA04F340EA0300294630BD21FA45
:1003300004F0294630BD94F0000F83F4801306BF0B
:1003400081F480110134013D4EE77FEA645C18BFFF
:100350007FEA655C29D094EA050F08BF90EA020F96
:1003600005D054EA000C04BF1946104630BD91EA8E
:10037000030F1EBF0021002030BD5FEA545C05D191
:100380004000494128BF41F0004130BD14F58004D0
:100390003CBF01F5801130BD01F0004545F0FE4144
:1003A00041F470014FF0000030BD7FEA645C1ABF79
:1003B000194610467FEA655C1CBF0B46024650EAB0
:1003C000013406BF52EA033591EA030F41F40021DC
:1003D00030BD00BF90F0000F04BF0021704730B562
:1003E0004FF4806404F132044FF000054FF0000137
:1003F00050E700BF90F0000F04BF0021704730B5F8
:100400004FF4806404F1320410F0004548BF4042CC
:100410004FF000013EE700BF42004FEAE2014FEA21
:1004200031014FEA02701FBF12F07F4393F07F4FFC
:1004300081F06051704732F07F4208BF704793F0FF
:100440007F4F04BF41F40021704730B54FF4607412
:1004500001F0004521F000411CE700BF50EA010215
:1004600008BF704730B54FF000050AE050EA0102BE
:1004700008BF704730B511F0004502D5404261EB2E
:1004800041014FF4806404F132045FEA915C3FF46F
:10049000D8AE4FF003025FEADC0C18BF03325FEA0C
:1004A000DC0C18BF033202EBDC02C2F1200300FABD
:1004B00003FC20FA02F001FA03FE40EA0E0021FAE2
:1004C00002F11444BDE600BF70B54FF0FF0C4CF4D0
:1004D000E06C1CEA11541DBF1CEA135594EA0C0F82
:1004E00095EA0C0F00F0DEF82C4481EA030621EABD
:1004F0004C5123EA4C5350EA013518BF52EA0335F8
:1005000041F4801143F4801338D0A0FB02CE4FF0A9
:100510000005E1FB02E506F00042E0FB03E54FF0D9
:100520000006E1FB03569CF0000F18BF4EF0010ED1
:10053000A4F1FF04B6F5007F64F5407404D25FEACD
:100540004E0E6D4146EB060642EAC62141EA555180
:100550004FEAC52040EA5E504FEACE2EB4F1FD0CC2
:1005600088BFBCF5E06F1ED8BEF1004F08BF5FEA40
:10057000500E50F1000041EB045170BD06F00046F2
:1005800046EA010140EA020081EA0301B4EB5C049F
:10059000C2BFD4EB0C0541EA045170BD41F4801197
:1005A0004FF0000E013C00F3AB8014F1360FDEBFBC
:1005B000002001F0004170BDC4F10004203C35DA98
:1005C0000C341BDC04F11404C4F1200500FA05F31B
:1005D00020FA04F001FA05F240EA020001F00042BC
:1005E00021F0004110EBD37021FA04F642EB060132
:1005F0005EEA430E08BF20EAD37070BDC4F10C045C
:10060000C4F1200500FA04F320FA05F001FA04F21F
:1006100040EA020001F0004110EBD37041F100010B
:100620005EEA430E08BF20EAD37070BDC4F1200516
:1006300000FA05F24EEA020E20FA04F301FA05F27E
:1006400043EA020321FA04F001F0004121FA04F226
:1006500020EA020000EBD3705EEA430E08BF20EAF6
:10066000D37070BD94F0000F0FD101F00046400030
:1006700041EB010111F4801F08BF013CF7D041EAB2
:10068000060195F0000F18BF704703F000465200B6
:1006900043EB030313F4801F08BF013DF7D043EA87
:1006A0000603704794EA0C0F0CEA135518BF95EA3D
:1006B0000C0F0CD050EA410618BF52EA4306D1D1C4
:1006C00081EA030101F000414FF0000070BD50EAE3
:1006D000410606BF1046194652EA430619D094EA6D
:1006E0000C0F02D150EA013613D195EA0C0F05D157
:1006F00052EA03361CBF104619460AD181EA0301AB
:1007000001F0004141F0FE4141F470014FF0000062
:1007100070BD41F0FE4141F4780170BD70B54FF0FD
:10072000FF0C4CF4E06C1CEA11541DBF1CEA13557D
:1007300094EA0C0F95EA0C0F00F0A7F8A4EB05045F
:1007400081EA030E52EA03354FEA013100F0888056
:100750004FEA03334FF0805545EA131343EA12631F
:100760004FEA022245EA111545EA10654FEA0026D4
:100770000EF000419D4208BF964244F1FD0404F58D
:10078000407402D25B084FEA3202B61A65EB0305E9
:100790005B084FEA32024FF480104FF4002CB6EBA6
:1007A000020E75EB030E22BFB61A754640EA0C0026
:1007B0005B084FEA3202B6EB020E75EB030E22BF66
:1007C000B61A754640EA5C005B084FEA3202B6EBA7
:1007D000020E75EB030E22BFB61A754640EA9C0066
:1007E0005B084FEA3202B6EB020E75EB030E22BF36
:1007F000B61A754640EADC0055EA060E18D04FEAF4
:10080000051545EA16754FEA06164FEAC30343EA93
:1008100052734FEAC2025FEA1C1CC0D111F4801F60
:100820000BD141EA00014FF000004FF0004CB6E759
:1008300011F4801F04BF01430020B4F1FD0C88BFF8
:10084000BCF5E06F3FF6AFAEB5EB030C04BFB6EB03
:10085000020C5FEA500C50F1000041EB045170BDF6
:100860000EF0004E4EEA113114EB5C04C2BFD4EB23
:100870000C0541EA045170BD41F480114FF0000EA7
:10088000013C90E645EA060E8DE60CEA135594EA23
:100890000C0F08BF95EA0C0F3FF43BAF94EA0C0F26
:1008A0000AD150EA01347FF434AF95EA0C0F7FF49B
:1008B00025AF104619462CE795EA0C0F06D152EAEF
:1008C00003353FF4FDAE1046194622E750EA4106D3
:1008D00018BF52EA43067FF4C5AE50EA41047FF4E4
:1008E0000DAF52EA43057FF4EBAE12E74FF0FF3C49
:1008F00006E000BF4FF0010C02E000BF4FF0010C1A
:100900004DF804CD4FEA410C7FEA6C5C4FEA430C92
:1009100018BF7FEA6C5C1BD001B050EA410C0CBFE1
:1009200052EA430C91EA030F02BF90EA020F002043
:10093000704710F1000F91EA030F58BF994208BFAA
:1009400090422CBFD8176FEAE37040F00100704767
:100950004FEA410C7FEA6C5C02D150EA013C07D1BE
:100960004FEA430C7FEA6C5CD6D152EA033CD3D009
:100970005DF8040B704700BF8446104662468C4603
:100980001946634600E000BF01B5FFF7B7FF002836
:1009900048BF10F1000F01BD4DF808EDFFF7F4FF5F
:1009A0000CBF012000205DF808FB00BF4DF808EDEA
:1009B000FFF7EAFF34BF012000205DF808FB00BF0D
:1009C0004DF808EDFFF7E0FF94BF012000205DF82F
:1009D00008FB00BF4DF808EDFFF7CEFF94BF0120E4
:1009E00000205DF808FB00BF4DF808EDFFF7C4FFDD
:1009F00034BF012000205DF808FB00BF4FEA410C26
:100A00007FEA6C5C02D150EA013C0AD14FEA430C08
:100A10007FEA6C5C02D152EA033C02D14FF0000045
:100A200070474FF0010070474FEA4102B2F1E043D6
:100A300024BFB3F5001CDCF1FE5C0DD901F0004CC5
:100A40004FEAC0024CEA5070B2F1004F40EB830015
:100A500008BF20F00100704711F0804F21D113F141
:100A60003872BCBF01F00040704741F480114FEA7A
:100A70005252C2F11802C2F1200C10FA0CF320FA03
:100A800002F018BF40F001004FEAC1234FEAD32320
:100A900003FA0CFC40EA0C0023FA02F34FEA43038A
:100AA000CCE77FEA625307D150EA01331EBF4FF013
:100AB000FE4040F44000704701F0004040F0FE402E
:100AC00040F40000704700BF80F0004002E000BF2B
:100AD00081F0004142001FBF5FEA410392EA030F29
:100AE0007FEA226C7FEA236C6AD04FEA1262D2EB73
:100AF0001363C1BFD218414048404140B8BF5B4278
:100B0000192B88BF704710F0004F40F4000020F010
:100B10007F4018BF404211F0004F41F4000121F026
:100B20007F4118BF494292EA030F3FD0A2F1010270
:100B300041FA03FC10EB0C00C3F1200301FA03F1AE
:100B400000F0004302D5494260EB4000B0F5000FD1
:100B500013D3B0F1807F06D340084FEA310102F190
:100B60000102FE2A51D2B1F1004F40EBC25008BF42
:100B700020F0010040EA03007047490040EB00000C
:100B8000013A28BFB0F5000FEDD2B0FA80FCACF10D
:100B9000080CB2EB0C0200FA0CF0AABF00EBC2503A
:100BA00052421843BCBFD0401843704792F0000F28
:100BB00081F4000106BF80F400000132013BB5E77B
:100BC0004FEA41037FEA226C18BF7FEA236C21D0F1
:100BD00092EA030F04D092F0000F08BF0846704756
:100BE00090EA010F1CBF0020704712F07F4F04D124
:100BF000400028BF40F00040704712F100723CBF37
:100C000000F50000704700F0004343F0FE4040F460
:100C1000000070477FEA226216BF08467FEA23631E
:100C20000146420206BF5FEA412390EA010F40F409
:100C3000800070474FF0000304E000BF10F0004355
:100C400048BF40425FEA000C08BF704743F096433C
:100C500001464FF000001CE050EA010208BF704757
:100C60004FF000030AE000BF50EA010208BF7047DE
:100C700011F0004302D5404261EB41015FEA010CF3
:100C800002BF84460146002043F0B64308BFA3F1EB
:100C90008053A3F50003BCFA8CF2083AA3EBC253CD
:100CA00010DB01FA02FC634400FA02FCC2F12002EC
:100CB000BCF1004F20FA02F243EB020008BF20F023
:100CC0000100704702F1200201FA02FCC2F1200289
:100CD00050EA4C0021FA02F243EB020008BF20EA7E
:100CE000DC7070474FF0FF0C1CEAD0521EBF1CEAAC
:100CF000D15392EA0C0F93EA0C0F6FD01A4480EA9A
:100D0000010C400218BF5FEA41211ED04FF0006382
:100D100043EA501043EA5111A0FB01310CF00040AE
:100D2000B1F5000F3EBF490041EAD3715B0040EAD4
:100D3000010062F17F02FD2A1DD8B3F1004F40EBA4
:100D4000C25008BF20F00100704790F0000F0CF077
:100D5000004C08BF49024CEA502040EA51207F3A3B
:100D6000C2BFD2F1FF0340EAC250704740F4000016
:100D70004FF00003013A5DDC12F1190FDCBF00F007
:100D800000407047C2F10002410021FA02F1C2F1B5
:100D9000200200FA02FC5FEA310040F1000053EA51
:100DA0004C0308BF20EADC70704792F0000F00F09F
:100DB000004C02BF400010F4000F013AF9D040EAA5
:100DC0000C0093F0000F01F0004C02BF490011F439
:100DD000000F013BF9D041EA0C018FE70CEAD15337
:100DE00092EA0C0F18BF93EA0C0F0AD030F0004CB7
:100DF00018BF31F0004CD8D180EA010000F000406B
:100E0000704790F0000F17BF90F0004F084691F028
:100E1000000F91F0004F14D092EA0C0F01D1420262
:100E20000FD193EA0C0F03D14B0218BF084608D12B
:100E300080EA010000F0004040F0FE4040F4000075
:100E4000704740F0FE4040F4400070474FF0FF0C08
:100E50001CEAD0521EBF1CEAD15392EA0C0F93EA4F
:100E60000C0F69D0A2EB030280EA010C49024FEAA1
:100E7000402037D04FF0805343EA111143EA10135A
:100E80000CF000408B4238BF5B0042F17D024FF412
:100E9000000C8B4224BF5B1A40EA0C00B3EB510FED
:100EA00024BFA3EB510340EA5C00B3EB910F24BFD6
:100EB000A3EB910340EA9C00B3EBD10F24BFA3EB5B
:100EC000D10340EADC001B0118BF5FEA1C1CE0D123
:100ED000FD2A3FF650AF8B4240EBC25008BF20F0D6
:100EE000010070470CF0004C4CEA50207F32C2BF2A
:100EF000D2F1FF0340EAC250704740F400004FF0C7
:100F00000003013A37E792F0000F00F0004C02BFF7
:100F1000400010F4000F013AF9D040EA0C0093F0C1
:100F2000000F01F0004C02BF490011F4000F013B1B
:100F3000F9D041EA0C0195E70CEAD15392EA0C0F83
:100F400008D142027FF47DAF93EA0C0F7FF470AFBB
:100F5000084676E793EA0C0F04D14B023FF44CAFFE
:100F600008466EE730F0004C18BF31F0004CCAD193
:100F700030F000427FF45CAF31F000437FF43CAFCF
:100F80005FE700BF4FF0FF3C06E000BF4FF0010CF1
:100F900002E000BF4FF0010C4DF804CD4FEA4002D3
:100FA0004FEA41037FEA226C18BF7FEA236C11D01D
:100FB00001B052EA530C18BF90EA010F58BFB2EBD0
:100FC000030088BFC81738BF6FEAE17018BF40F050
:100FD000010070477FEA226C02D15FEA402C05D104
:100FE0007FEA236CE4D15FEA412CE1D05DF8040B89
:100FF000704700BF844608466146FFE70FB5FFF71C
:10100000C9FF002848BF10F1000F0FBD4DF808EDD3
:10101000FFF7F4FF0CBF012000205DF808FB00BFC4
:101020004DF808EDFFF7EAFF34BF012000205DF81E
:1010300008FB00BF4DF808EDFFF7E0FF94BF01206B
:1010400000205DF808FB00BF4DF808EDFFF7D2FF68
:1010500094BF012000205DF808FB00BF4DF808EDAB
:10106000FFF7C8FF34BF012000205DF808FB00BF78
:101070004FEA40024FEA41037FEA226C02D15FEA65
:10108000402C08D17FEA236C02D15FEA412C02D1C7
:101090004FF0000070474FF0010070474FEA4002E8
:1010A000B2F1FE4F0FD34FF09E03B3EB12620DD996
:1010B0004FEA002343F0004310F0004F23FA02F000
:1010C00018BF404270474FF00000704712F1610FA7
:1010D00001D1420205D110F0004008BF6FF000407E
:1010E00070474FF00000704703685A004CBF43F050
:1010F000004323F000431844704700BF2DE9F84334
:1011000029B34F1E044615463E464FF0000808EB33
:10111000060101EBD171491004EBC1094846FFF704
:10112000E3FF0346C80008308F42204409D0AB4299
:1011300009D8FFF7D9FF0138A8420AD201F1010806
:10114000E5E7AB4205D9884501D04E1EDFE74FF0F9
:1011500000094846BDE8F883012807D0022807D0D7
:10116000044B00280CBF1846002070470248704707
:10117000024870471D1800082118000825180008AB
:1011800030B5244B044683B08D1E3BB3284601A9DD
:10119000AFF30080E8B101992A46FFF7AFFF01469F
:1011A000B8B1FFF7A1FF4B68A064012B2DD0002B35
:1011B00026DB081DFFF798FF0023C4E9130303682B
:1011C000002B12DBFFF790FF03460020236103B0E2
:1011D00030BD00230920236103B030BD0E4B0F4901
:1011E0001846C91AC9100191D6E7C3F30360FFF787
:1011F000B3FF0028206114BF0020092003B030BDD8
:101200000123081DC4E91303D9E700230520236146
:10121000DDE700BF00000000EC540108345701086E
:10122000036810B5DA07044606D49B0700F14800AE
:1012300009D500F041FC2368590709D51A070ED5D6
:10124000DB0613D510BD00F02FFC23685907F5D439
:1012500004F1D00000F038FC23681A07F0D404F53C
:10126000A87000F039FC2368DB06EBD404F5E870C5
:10127000BDE8104000F074BC0346006800B118449B
:10128000704700BF09207047704700BF70B5044623
:101290000E462046316CFFF773FF054688B9326C65
:1012A0002146626101203246236998470828F0D020
:1012B000072806D12846316CFFF7E6FF301D00F005
:1012C000E7FB08F045FC00BF2DE9F04706464FF06C
:1012D000000CADF5727D03AD0C1D91460FCC0FC512
:1012E0000FCC0FC50FCC0FC594E80F00F768D6F8E8
:1012F000188085E80F0002ADC5F800C021E02B6C16
:101300004FF4F072736129467AA800F035FE314639
:1013100034697AAA5046A047889BCDE90058044614
:101320006B644946334632460120B8470346F0B95C
:101330004FF4F07228467AA9994600F01DFE082C59
:101340001BD13046296CFFF71BFF09F10909044640
:101350005FFA89FA0028D2D0AB6B3246CDE900584B
:1013600001206B644AF010013346B84700B10924EC
:1013700020460DF5727DBDE8F087072CF7D1484671
:10138000296CFFF781FF03A800F082FB406C7047D7
:101390004FF0FF3CF0B5CB6BF9B00B640E1D01AC08
:1013A0000F4605460FCE0FC40FCE0FC40FCE0FC48D
:1013B00096E80F0084E80F00CDF800C006E06A460A
:1013C00029462B6998470828044608D128461099D1
:1013D000FFF7D6FE0028F2D0092079B0F0BD6846AC
:1013E000FFF71EFF062CF7D139462846FFF74EFFC0
:1013F00030B4DD6BC160826119461D64002230BCCF
:1014000062E700BF70B54369C6680B64AEB90A46AF
:10141000036904460D46014602209847072805D077
:1014200008280FD129462046FFF730FF3046296CA7
:10143000FFF72AFF281D00F02BFB0122FFF744FFD6
:1014400008F086FB08F084FBC2682AB110B4CC6BAC
:1014500000220C6410BC37E79AE700BF704700BF5A
:10146000836801460BB1012018477047012912D04B
:1014700009D873B90F2A0CD800EB820042681846CD
:10148000009B1A6070470339012994BF0120022094
:101490007047022070470846704700BF002310B510
:1014A00084B003AC0A4600941946FFF7DFFF0398A7
:1014B00004B010BD012912D009D873B90F2A0CD875
:1014C000009900EB820209681846516070470339A1
:1014D000012994BF0120022070470220704708466E
:1014E000704700BF30B500230D4685B003AC0392B2
:1014F00019462A460094FFF7DDFF05B030BD00BF56
:101500004FF0FF3CF0B5D36BADF50F7D1364151DA7
:1015100017AC07460E460FCD0FC40FCD0FC40FCD2D
:101520000FC495E80F0084E80F00CDF858C012E012
:101530000C2116A86A46FFF7D5FF314616A8B84712
:1015400078B969460820049B16AA984705280446DE
:1015500008D0092805D068462699FFF711FE002813
:10156000E6D0092416A8FFF75BFE20460DF50F7D97
:10157000F0BD00BF2DE9F04FCC6C174654F8042B9A
:1015800089B00D461E4600F003080694002B79D062
:101590000221130C8DF81D301204DBB204EB83041E
:1015A00005928DF81C102B6DB8F1020F08BFAC6BC3
:1015B00013F001030CD0384605A900F06BFB18B9F5
:1015C000082009B0BDE8F08F092009B0BDE8F08F10
:1015D000D4F800A0BAF1000FEDD0019300F0080399
:1015E0000293022E4AD0B4F800A0B4F8029004345A
:1015F000AA6C0F21384629F0010B9344FFF74EFFE8
:10160000834539D82AF001025A44824294BF00200F
:1016100001204FEA490303F002030AF0010A43EAFA
:101620000A03012B49D0022B32D0002BCCD1B8F1C8
:10163000000F02D0002840F0CD800434D4F800A080
:10164000BAF1000FCDD1384605A900F023FB0028E0
:10165000BAD1019B002BB3D00F213846FFF71EFFF4
:101660000E2102463846FFF73DFF38460F216A4AF1
:10167000FFF738FF0720A8E70020CAE7D4F8049056
:101680000834B5E7032312020592ADF81C308AE74F
:10169000236823F0004BB8F1000F45D128B1029A1E
:1016A000002A5CD0BBF1000F74D0002B00DA0434A8
:1016B0000BF1010B04EB8B04C0E7B8F1000F19D15B
:1016C000B0B1D4E90023991C4FEAD2723FF47CAF49
:1016D00005F158010133049100F09080201DFFF7BF
:1016E000CBFD04AB01462846AFF3008000285BD158
:1016F0000834A3E70D213846D5F82090FFF7CEFE39
:101700008145F5D1AB6A9C42F2D12046FFF7ECFC53
:101710000F2102463846FFF7E5FE38462A460021EB
:10172000FFF7E0FE072050E70D213846D5F820905E
:10173000FFF7B4FE814501D02368B6E7AB6A9C424F
:10174000FAD104220021C5E90B12A318C5F828B06C
:101750006B6323688B4259DB01230193A8E705F1F2
:101760005803CDF80C809146B04604F1040A1E4699
:101770000EE050460496FFF77FFD0022014604ABC1
:101780002846AFF3008009F101090AF1040AE0B923
:10179000D945EED138460D21FFF780FE049B286223
:1017A000C5E90934062010E781460D213846FFF7C8
:1017B00075FEB9F1020F286225D12B46049A43F831
:1017C0002C2F6B620620AC62FFE646462368DDF8EC
:1017D0000C806AE72046FFF787FC02460434AC63BE
:1017E00028461446AFF3008000283FF4EDAE38469B
:1017F00022460F21FFF776FE0720E6E638460D2148
:10180000FFF74CFE2862049B6B62DBE70BF10100E3
:1018100004EB80007AE700BF000000000023A9E687
:101820000123A7E60223A5E62DE9F0430646154667
:101830001C46C3B0042900F2B280DFE801F09650E4
:10184000B0270300002C40F0AA80102A00F2A780E5
:101850000368D80600F1EB8020AF384600F08AF923
:1018600000230120B26B00FA03F129421CBF52F899
:10187000041B47F823100133042BF4D13846B2631C
:1018800000F06EF9002043B0BDE8F083032C40F077
:10189000868094B204EB1243102B4FEA12457ED897
:1018A00003681F0700F1CB8020AF384600F036F9FF
:1018B00007EBC501B56B54B10B4601EBC401E81A47
:1018C000E4001A5843F8042B8B42FAD125443846D9
:1018D000B56300F001F9002043B0BDE8F083012CAE
:1018E0004FEA124895B256D0052C58D108EB05099D
:1018F000B9F1200F53D8B8F10F0F73D9A946002DB5
:1019000040F08480B36B65B320AF4FF0000907EB64
:10191000C807043F03EBC50553F8041BAB4247F867
:10192000041FF9D1B9F1000F0FD06F4641461029BD
:1019300038BF102107EBC101843903EBC90553F807
:10194000040BAB4241F8040FF9D1012C7FD0B8F160
:101950000F0FB56342D9B9F1000F02D0684600F00D
:10196000B3F8002043B0BDE8F083C4B92346012496
:10197000826B371DA8B204FA03F101421CBF52F872
:10198000041B47F823100133102BF4D115F4005039
:10199000E7D1B26304E008EB0503102B03D9022062
:1019A00043B0BDE8F083B8F10F0FF8D83368DA0719
:1019B00006D5304623F0030340F8483B00F078F8A2
:1019C00020AF384600F074F8B36B002D9DD11D4652
:1019D00004353846B56300F067F8C2E720A800F088
:1019E0006BF8B8E7B9F1100F3FD9A9F110093368C6
:1019F000D90708D5304623F0010343F0020340F82D
:101A0000483B00F05DF8B9F1000F31D033685A0758
:101A10001FD4B8F10F0F24D96F46C8F1100538460E
:101A200000F056F8002DB36B80DD20AF6FE723F098
:101A30001003336006F5E87000F09CF80CE723F023
:101A40000803036000F5A87000F068F82CE720AFE9
:101A5000BEE7304623F0040340F8D03B00F038F8EE
:101A6000D7E720A800F02CF8D6E74FF00009BEE732
:101A7000B8F10F0F3FF646AF20AF384600F020F820
:101A8000B36B002D7FF441AF384600F015F868E7DE
:101A900000F1340191E838009C46A6464CF8045DFC
:101AA00090E8FF0FE54600BD90EC210B704700BFAA
:101AB00080EC210B704700BF90EC200B704700BFFB
:101AC00080EC200B704700BFD0EC200B704700BFAC
:101AD000C0EC200B704700BFF0EC0201F0EC0211EB
:101AE000F0EC0221F0EC0231F0EC0241F0EC02519A
:101AF000F0EC0261F0EC0271F0EC0281F0EC02918A
:101B0000F0EC02A1F0EC02B1F0EC02C1F0EC02D179
:101B1000F0EC02E1F0EC02F1704700BFE0EC0201F2
:101B2000E0EC0211E0EC0221E0EC0231E0EC0241D9
:101B3000E0EC0251E0EC0261E0EC0271E0EC0281C9
:101B4000E0EC0291E0EC02A1E0EC02B1E0EC02C1B9
:101B5000E0EC02D1E0EC02E1E0EC02F1704700BF02
:101B6000B0FC0181B0FC0191B0FC01A1B0FC01B15D
:101B7000704700BFA0FC0181A0FC0191A0FC01A165
:101B8000A0FC01B1704700BFEC4600B52DE9005044
:101B90002DE9FF1F4FF000032DE90C0001A9FFF70D
:101BA000F7FBDDF840E012B0704700BFEC4600B52F
:101BB0002DE900502DE9FF1F4FF000032DE90C0027
:101BC00001A9FFF71FFCDDF840E012B0704700BF2D
:101BD000EC4600B52DE900502DE9FF1F4FF0000342
:101BE0002DE90C0001A9FFF72FFCDDF840E012B051
:101BF000704700BFEC4600B52DE900502DE9FF1FEE
:101C00004FF000032DE90C0001ABFFF7F1FBDDF80D
:101C100040E012B0704700BFEC4600B52DE900501F
:101C20002DE9FF1F4FF000032DE90C0001AAFFF77B
:101C300067FCDDF840E012B0704700BF027A7AB965
:101C4000437AA3B103214268013B10B44372136885
:101C5000141D01721A024460026010BC180E704715
:101C60000368013A02721A020260180E7047B0202F
:101C7000704700BF002300B585B003AA0092194643
:101C80000C22FFF7F3FB039805B05DF804FB00BFDF
:101C9000F0E700BF2DE9F04305460E464FF000087F
:101CA00085B03046FFF7CAFFB028044600F0B18087
:101CB000070620D500F0F003802B4DD0902B36D0B6
:101CC000A02B60D0B02B73D0C02B00F08A8000F026
:101CD000F803D02B0BD100F00702013242F40022AE
:101CE000052301212846FFF79FFD0028D9D00920B0
:101CF00005B0BDE8F08300230DF10C0919460D2253
:101D00008700CDF800902846FFF7B0FBFFB2039B99
:101D1000043760064CBFDF1BFF1800230D22194655
:101D20002846CDF800900397FFF7C4FBB9E700F011
:101D30000D030D2BDBD0002303AF194600F00F027B
:101D400000972846FFF792FB00230D2219462846EC
:101D50000097FFF7AFFBA4E73046FFF76FFF2402C1
:101D60002043B0F5004FC2D0002304011946284695
:101D7000A2B2FFF759FD0028B9D114F4004F18BFE3
:101D80004FF001088DE7C3434FF47F6203F0070370
:101D90001A410023010702F47F6248BF42F48042E7
:101DA00019462846FFF740FD00283FF47AAF9EE72A
:101DB000B12833D0B22800F08B80B32839D000F09E
:101DC000FC03B42B93D0012300F007021A4442F421
:101DD000002219462846FFF727FD00283FF461AF8F
:101DE00085E7C62842D0C7284CD000F0F803C02BA6
:101DF0005BD0C82860D0C9287FF479AF3046FFF7A0
:101E00001DFF020300F00F0002F4702201300243B4
:101E100066E7B8F1000F18D0002069E73046FFF7F9
:101E20000DFF024600283FF462AF10F0F003D0D05F
:101E30005DE73046FFF702FF0123010300F00F00CA
:101E400001F47021C2180A43C3E703AC43460E22D3
:101E5000414628460094FFF709FB284643460F22D7
:101E600041460094FFF726FB404641E73046FFF726
:101E7000E5FE010300F00F0001F47021421C032372
:101E80000A43A6E73046FFF7D9FE024600283FF492
:101E90002EAF10F0F0037FF42AAF04212846FFF79D
:101EA000C3FC00283FF4FDAE21E700F00F02013231
:101EB000032342F420228CE73046FFF7BFFE00F0F8
:101EC000F00200F00F031032013343EA023207E759
:101ED00000230DF10C090D2219462846CDF800907B
:101EE000FFF7C4FA3046FFF7A9FE02064FF00204DE
:101EF0000CD5039B00F07F00A040034430460393C1
:101F0000FFF79CFE030604F10704F2D40023039AB2
:101F100000F07F0000FA04F402F50172144419463F
:101F20000D222846CDF800900394FFF7C3FAB8E6D7
:101F300010B50324C36C84B05A688DF80C40DC796A
:101F400012020833084601A901928DF80D40029350
:101F5000FFF7A0FE04B010BD08B5FFF799FE806C36
:101F600008BD00BF08B5FFF793FEC06CC37902330C
:101F700000EB830008BD00BF844641EA000313F074
:101F8000030349D1403A23D30B6803604B68436095
:101F90008B688360CB68C3600B6903614B694361E5
:101FA0008B698361CB69C3610B6A03624B6A4362CD
:101FB0008B6A8362CB6AC3620B6B03634B6B4363B5
:101FC0008B6B8363CB6BC36340304031403ADBD2D1
:101FD00030320BD30B6803604B6843608B688360BF
:101FE000CB68C36010301031103AF3D20C3205D3F5
:101FF00051F8043B40F8043B043AF9D2043208D0CB
:10200000D2071CBF11F8013B00F8013B01D30B883C
:1020100003806046704700BF082A13D38B07B1D0F6
:1020200010F00303AED0C3F10403D21ADB071CBFC8
:1020300011F8013B00F8013BA4D331F8023B20F832
:10204000023B9FE7043AD9D3013A11F8013B00F86B
:10205000013BF9D20B7803704B7843708B78837017
:102060006046704780EA010C1CF0030F37D110F076
:10207000030C20F0030021F0030150F8042B08BFEB
:1020800051F8043B0ED08CF0030C6FF07F434FEA05
:10209000CC0C23FA0CFC51F8043B42EA0C0243EA54
:1020A0000C0300BFA2F1013C9A4201BF2CEA020CD2
:1020B0001CF0803F50F8042B51F8043BF2D04FEA5B
:1020C00002604FEA1222012828BFB0EB036F08BF5D
:1020D0001B0AF4D003F0FF03000EC01A704710F083
:1020E000030F0AD010F8012B11F8013B012A28BF79
:1020F0009A42F4D0A2EB030070474DF8045D50F80B
:10210000042B01F0030521F0030151F8043B022DDB
:1021100026D04DD822F07F45B5EB132FA2F1013C1C
:102120002CEA020C0DD11CF0803C08BF51F8043B96
:102130000AD185EA0205B5EB036F0CD150F8042BE8
:10214000E8E74FEA13235BE03CF07F4C54D10B7877
:102150004FEA126554E04FEA126503F0FF034FE0C7
:102160004FEA0245A2F1013C4FEA15452CEA020C68
:10217000B5EB134F18D11CF0803C08BF51F8043B5D
:1021800007D185EA0205B5EB034F09D150F8042BBE
:10219000E6E75FEA0C4C2FD10B884FEA12452FE09F
:1021A0004FEA03434FEA12454FEA134328E000BFCA
:1021B00002F0FF05B5EB136FA2F1013C2CEA020C13
:1021C0000DD11CF0803C08BF51F8043B0AD185EAD0
:1021D0000205B5EB032F0AD150F8042BE8E74FEACC
:1021E00013630DE012F0FF0F06D051F8043B4FEAE5
:1021F000122523F07F4303E04FF0000020BC70471E
:1022000005F0FF0203F0FF00012828BF904204BF41
:102210002D0A1B0AF4D0A2EB000020BC704700BFBF
:102220004FEA410212F5001215D211D56FF47873FE
:10223000B3EB625212D94FEAC12343F0004343EAA1
:10224000505311F0004F23FA02F018BF404270477C
:102250004FF00000704750EA013005D111F0004006
:1022600008BF6FF0004070474FF00000704700BF9C
:102270004A0011D212F5001211D20DD56FF4787305
:10228000B3EB62520ED44FEAC12343F0004343EA5A
:10229000505323FA02F070474FF00000704750EAA5
:1022A000013002D14FF0FF3070474FF0000070470F
:1022B00053B94AB9002908BF00281CBF4FF0FF31AD
:1022C0004FF0FF3000F0A6B9ADF1080C6DE904CE77
:1022D00000F03EF8DDF804E0DDE9022304B07047C9
:1022E00038B50C4605462146284600220023FEF755
:1022F0005DFB28B928462146BDE8384000F00AB801
:10230000284604F1004100F005F8404261EB41012C
:1023100038BD00BFD0B500220B4B06460F46FEF776
:10232000D3F8FFF7A5FF0446FEF754F80022074B49
:10233000FEF7CAF802460B4630463946FDF70CFF59
:10234000FFF796FF2146D0BD0000F03D0000F041B0
:102350002DE9F047089E0D4604468E46002B40F0BE
:1023600083808A42174647D9B2FA82F34BB1C3F150
:10237000200105FA03FE20FA01F19F4041EA0E0E0A
:102380009C404FEA1748BEFBF8FC1FFA87F908FB90
:102390001CE20CFB09F0210C41EA024290420AD9EE
:1023A000BA180CF1FF3180F01881904240F215818B
:1023B000ACF1020C3A44121AB2FBF8F008FB1022FE
:1023C00000FB09F1A4B244EA0244A14209D93C1934
:1023D00000F1FF3280F00381A14240F20081023817
:1023E0003C44641A002140EA0C401EB10022DC404B
:1023F000C6E90042BDE8F08702B9FFDEB2FA82F317
:10240000002B4FD18D1A01214FEA124E1FFA82F88C
:10241000B5FBFEFC0EFB1C5508FB0CF0220C42EA3F
:102420000545A84207D97D190CF1FF3202D2A84216
:1024300000F2E98094462D1AB5FBFEF00EFB105514
:1024400008FB00F8A4B244EA0544A04507D93C19AA
:1024500000F1FF3202D2A04500F2D9801046A4EB71
:10246000080440EA0C40C0E78B4208D9002E00F077
:10247000B1800021C6E900050846BDE8F087B3FA3F
:1024800083F100294BD1AB4202D3824200F2B980E2
:10249000841A65EB030301209E46002EAAD0C6E9EC
:1024A000004EA7E79F40C3F12002D1404FEA174EEC
:1024B000B1FBFEF01FFA87F80EFB101124FA02F2AE
:1024C0009D4000FB08FC2A43150C45EA0145AC453C
:1024D00004FA03F409D97D1900F1FF3180F08F80EF
:1024E000AC4540F28C8002383D44A5EB0C05B5FBB1
:1024F000FEF10EFB115C01FB08F995B245EA0C45B3
:10250000A94507D97D1901F1FF3274D2A94572D9C5
:1025100002393D44A5EB090541EA004178E7C1F1E4
:1025200020078B4022FA07FC4CEA030C25FA07F43B
:102530004FEA1C4EB4FBFEF91FFA8CF80EFB19444F
:1025400020FA07F309FB08FA8D401D432B0C43EAE0
:102550000444A24502FA01F200FA01F309D91CEB86
:10256000040409F1FF3048D2A24546D9A9F1020975
:102570006444A4EB0A04B4FBFEF00EFB104400FB21
:1025800008FAADB245EA0444A24508D91CEB04049C
:1025900000F1FF352DD2A2452BD90238644440EA20
:1025A0000940A0FB0289A4EB0A044C45C6464D46EF
:1025B00019D316D05EB1B3EB0E0264EB050404FA36
:1025C00007F722FA01F31F43CC40C6E9007400214B
:1025D000BDE8F087314630460CE78C46EBE6104606
:1025E000FFE64345E6D2B8EB020E69EB0C05013875
:1025F000E0E72846D3E711468CE78146B9E708466D
:1026000073E7084649E7ACF1020C3D4413E7023892
:102610003C4424E7704700BF10B584B00023019309
:10262000029303931C481D4A02604FF4807282603B
:102630000122027303754FF46022C26143600223DA
:10264000036102F071FEF0B90023019301230293AC
:102650000723039301A9104802F0C2FCB0B901237B
:1026600001930223029301A90B4802F0B9FC80B93F
:10267000094C204602F0DCFE02220949204602F005
:102680008FFD04B010BD00F0E5F9DDE700F0E2F9E0
:10269000E5E700F0DFF9EBE7240A00200024014021
:1026A000980A002010B586B0002302930393049388
:1026B000059302681E4B9A4201D006B010BD044635
:1026C00003F56C439A6942F400729A619A6902F4C4
:1026D00000720092009A9A6942F004029A619B6922
:1026E00003F004030193019B03230293039302A9C4
:1026F000104803F047FE1048104B0360002343606E
:1027000083608023C3604FF4807303614FF4806360
:102710004361202383614FF44053C36103F04EFBB8
:1027200018B9054B23625C62C7E700F093F9F8E73C
:102730000024014000080140540A00200800024023
:1027400010B58AB02248234B036004234360002362
:102750008360C3604FF4802202614FF40012426133
:102760000376437601228276C3760377437702F0BD
:10277000DFFE30BB002305930693012207920093EE
:10278000019302930393049308920E2309936946DD
:102790000F4802F073FFB8B90D4C204602F0EDFF70
:1027A0000D49204603F034F90C4B5A680C4B1A6063
:1027B00000225A60DA609A60082119611A750AB01D
:1027C00010BD00F047F9D5E700F044F9E4E700BF99
:1027D000080B0020006400407F8F03002C120020B3
:1027E000EC0A002070B586B0002302930393049393
:1027F000059302682C4B9A4201D006B070BD03F5D8
:10280000D633DA6942F00072DA61DA6902F00072F6
:102810000092009A9A6942F008029A619B6903F05B
:1028200008030193019B4FF48073029300240394E7
:1028300004941E4E02A9304603F0A4FD4FF4007329
:102840000293022303930325059502A9304603F062
:1028500099FD174A536823F4C04343F0E06343F4FF
:102860008043536022462946132003F027FA1320A1
:1028700003F058FA22462946142003F01FFA1420C8
:1028800003F050FA22462946152003F017FA1520C6
:1028900003F048FA22462946162003F00FFA1620C4
:1028A00003F040FAA9E700BF00640040000C0140BB
:1028B0000000014008B50A46044B0146044802F0F6
:1028C0008AFF00B908BD00F0C5F8FBE7040B002043
:1028D000080B002008B50E4B0E4A002102F0E9FF5C
:1028E00090B90C4B1868C309C0F3C71200F07F0001
:1028F00022B1094A5268DBB29A4204D1054B1A69E7
:10290000034906F013FB08BD00F0A4F8E9E700BF97
:10291000C80A0020D00A00202C12002000B583B085
:10292000124B5A6942F001025A615B6903F00103DC
:102930000193019B002203210B2003F0BFF90B2020
:1029400003F0F0F9002203210E2003F0B7F90E2066
:1029500003F0E8F9002203210F2003F0AFF90F2064
:1029600003F0E0F903B05DF804FB00BF0010024083
:10297000F0B589B000240494059406940794314B73
:102980009A6942F010029A619A6902F0100200926C
:10299000009A9A6942F020029A619A6902F0200234
:1029A0000192019A9A6942F004029A619A6902F0CE
:1029B00004020292029A9A6942F008029A619B69A3
:1029C00003F008030393039B1F4F22464FF4C041BB
:1029D000384603F0EEFD1D4D22463C21284603F00B
:1029E000E8FD01224FF40041284603F0E2FD4FF4D8
:1029F000C04304930126059602230693079304A976
:102A0000384603F0BFFC48F23C0304930596069455
:102A10000323079304A9284603F0B4FC41F20403FE
:102A200004930594069604A9094803F0ABFC4FF4FF
:102A3000E06304930594069604A9284603F0A2FCDB
:102A400009B0F0BD00100240001001400008014034
:102A5000000C014072B6FEE700B595B000230D935F
:102A60000F9310930593069307930893099301938B
:102A700002930393049301210A914FF480320B9245
:102A80000C930E910223119312924FF4E0131393BF
:102A90000AA803F0ABFDC8B90F23059302210691E4
:102AA000002307934FF480620892099305A803F06E
:102AB000CFFF68B9022301934FF40043039301A8A9
:102AC00004F0A2F830B915B05DF804FBFFF7C2FFBF
:102AD000FFF7C0FFFFF7BEFF08B502F00BFAFFF7E4
:102AE000BBFFFFF745FFFFF719FF00F08BFB00F07E
:102AF0000FF800F05BF900F095FA00F0C9F9FFF764
:102B00008BFDFFF71DFE00F08BF906F013F8FEE7D2
:102B100008B51048104B03604FF4827343600023E4
:102B200083604FF40062C2600222026101224261AE
:102B30004FF4007282611022C261036243628362B9
:102B40000A23C36204F0E0F900B908BDFFF782FF71
:102B5000FBE700BF300B00200030014010B586B00D
:102B60000023029303930493059302681A4B9A423D
:102B700001D006B010BD03F560439A6942F480525B
:102B80009A619A6902F480520092009A9A6942F01E
:102B900008029A619B6903F008030193019B2823B3
:102BA000029302230393032305930C4C02A92046AE
:102BB00003F0E8FB1023029300230393049302A97C
:102BC000204603F0DFFB064A536843F0E06343F01E
:102BD00001035360CDE700BF00300140000C01400D
:102BE0000000014082B00E4B9A6942F001029A61E6
:102BF0009A6902F001020092009ADA6942F080526A
:102C0000DA61DB6903F080530193019B054A536845
:102C100023F0E06343F00073536002B0704700BFDD
:102C20000010024000000140FEE7FEE7FEE7FEE77D
:102C3000FEE770477047704708B502F06DF908BDB0
:102C400008B5024803F09AF908BD00BF540A0020F5
:102C500008B5024803F092F908BD00BFF40C00204B
:102C600008B5024803F08AF908BD00BFB00C002087
:102C700008B5024802F0EAFE08BD00BF080B0020BC
:102C800008B5024802F0E2FE08BD00BF080B0020B4
:102C900008B5024802F0DAFE08BD00BF080B0020AC
:102CA00008B5024802F0D2FE08BD00BF080B0020A4
:102CB00008B506F0B9F808BD08B506F049F808BD32
:102CC00008B506F013F908BDF0B583B0174B1B68C3
:102CD0001A6812F0100F04D1144805F05DF903B022
:102CE000F0BD002601961A6801925B680193019B72
:102CF0000E4F384605F028F80D4B1B685B68C3F192
:102D00008003DBB20B4C237021780B4D0B4B1B68FF
:102D10002846984722783146284607F009FA267057
:102D200080222946384605F029FBD5E7380D0020DA
:102D3000B00C0020800D0020840D0020AC0C002081
:102D40000120704708B506F00BFF162303604FF013
:102D5000FF3008BD08B54FF0FF31FFF7F3FFFEE786
:102D600010B503460C4A0D490D48006840B10C48A7
:102D700000680344521A934206D8094A136010BDF2
:102D80000748084C0460F2E706F0EAFE0C230360F3
:102D90004FF0FF30F3E700BF0050002000040000B8
:102DA000880B0020102500207047000000B587B078
:102DB0000023029303930493059300930193164811
:102DC000164A026047224260836042F20F72C2607C
:102DD000036143618023836104F046FB90B94FF4A3
:102DE0008053029302A90C4804F041FC68B9002307
:102DF000009301936946084804F038FD40B907B0D4
:102E00005DF804FBFFF726FEE9E7FFF723FEEEE798
:102E1000FFF720FEF3E700BF8C0B0020002C0140E1
:102E200000B587B0002302930393049305930093A6
:102E300001931548154A026047224260836042F2BE
:102E40000F72C2600361836104F00EFB90B94FF40E
:102E50008053029302A90C4804F009FC68B90023CE
:102E6000009301936946084804F000FD40B907B09B
:102E70005DF804FBFFF7EEFDE9E7FFF7EBFDEEE79A
:102E8000FFF7E8FDF3E700BF1C0C00200004004042
:102E900000B587B000230293039304930593009336
:102EA00001931548154A026047224260836031222F
:102EB000C26003618023836104F0D6FA90B94FF4B5
:102EC0008053029302A90C4804F0D1FB68B9002397
:102ED000009301936946084804F0C8FC40B907B064
:102EE0005DF804FBFFF7B6FDE9E7FFF7B3FDEEE79A
:102EF000FFF7B0FDF3E700BF640C002000080040BE
:102F000000B585B003682A4A93420BD0B3F1804FD5
:102F10001BD0284A934224D0274A934234D005B08C
:102F20005DF804FB254B9A6942F400629A619B6943
:102F300003F400630093009B00220221192002F099
:102F4000BDFE192002F0EEFEE9E703F50433DA696D
:102F500042F00102DA61DB6903F001030193019B96
:102F6000DDE7164BDA6942F00202DA61DB6903F051
:102F700002030293029B002202211D2002F09EFE0A
:102F80001D2002F0CFFECAE70C4BDA6942F00402C2
:102F9000DA61DB6903F004030393039B002202213F
:102FA0001E2002F08BFE1E2002F0BCFEB7E700BF21
:102FB000002C0140000400400008004000100240C6
:102FC00000B587B00023029303930493059303682D
:102FD000B3F1804F02D007B05DF804FB03F5043372
:102FE0009A6942F008029A619B6903F00803019311
:102FF000019B4FF440630293022303930323059341
:1030000002A9064803F0BEF9054A536823F4407349
:1030100043F0E06343F400735360DCE7000C0140CD
:103020000000014010B58EB000230A930B930C935F
:103030000D930893099301930293039304930593CB
:10304000069307932A484FF08042026043608360F2
:1030500040F2FF32C2600361836104F005FA002888
:1030600033D14FF480530A930AA9214804F0FFFAA0
:1030700070BB1F4804F024FA68BB0023089309932F
:1030800008A91B4804F0F2FB40BB60230193002316
:10309000029303930593082201A9154804F06EFAE0
:1030A000F8B90C2201A9124804F068FAE0B9104CF2
:1030B0000821204604F06CFB0C21204604F068FB3C
:1030C0002046FFF77DFF0EB010BDFFF7C3FCC8E739
:1030D000FFF7C0FCCDE7FFF7BDFCCEE7FFF7BAFC7A
:1030E000D3E7FFF7B7FCDCE7FFF7B4FCDFE700BF8F
:1030F000D40B0020F0B587B0002302930393049310
:1031000005930268354B9A4201D007B0F0BD0446E2
:1031100003F558439A6942F480429A619A6902F42D
:1031200080420092009A9A6942F008029A619B6973
:1031300003F008030193019B4023029302230393AE
:1031400003230593264F02A9384603F01BF9802676
:10315000029600250395049502A9384603F012F95A
:10316000204A536843F0E06343F0040353601E4871
:103170001E4B036045608560C660056145618561E1
:103180004FF48053C36102F019FE00BB164BE3639A
:103190005C621748174B0360102343600023836071
:1031A0008022C2600361436183614FF48053C36135
:1031B00002F004FE70B90E4BA3635C620022022190
:1031C000252002F07BFD252002F0ACFD9DE7FFF7F6
:1031D00041FCDBE7FFF73EFCEDE700BF00380140B4
:1031E000000C014000000140B00C002058000240DB
:1031F000F40C002044000240014B1860704700BFEF
:10320000AC0C002010B51248124B0360124B436007
:1032100000238360C36003610C2242618361C36148
:1032200004F051FC88B90A4C2268D36843F01003BB
:10323000D360204605F05EF90848FFF7DDFF8022E5
:103240000749204605F09AF810BDFFF703FCEAE7AE
:10325000380D00200038014060E316002196000878
:10326000840D0020FFF7A0FD0B480C490C4A0023F9
:1032700002E0D458C4500433C4188C42F9D3094A2C
:10328000094C002301E013600432A242FBD306F094
:103290006DFCFFF721FC704700000020040A0020AD
:1032A00044570108080A002010250020FEE710B549
:1032B000044603685B69984723689B6920469847E2
:1032C00010BD000038B50446C1F30901818001F545
:1032D0008073C3F3090343812D4D35F91330838186
:1032E00035F91150C58082EAE271A1EBE27141F239
:1032F000DB3202FB01F2C2F30B3283EAE371A1EB92
:10330000E37189B202FB01F1C1F30F31C181002DDC
:10331000B8BF6D42ADB202FB05F2C2F30F320281BB
:1033200003681B699847B4F90C30002B10DD236843
:103330001B6A0022012120469847B4F90630002B71
:1033400016DD23685B6A002201212046984738BDBC
:10335000002B06DB23681B6A012211462046984792
:10336000EBE723681B6A0122002120469847E4E727
:10337000002B06DB23685B6A012211462046984732
:10338000E5E723685B6A0122002120469847DEE7D3
:103390000845010808B50368DB69984708BD38B5DA
:1033A00004460025C581058103681B692A46294614
:1033B000984723681B6A2A4629462046984723686F
:1033C0005B6A2A4629462046984738BD10B5044610
:1033D0000021C181018103681B690A46984723685F
:1033E0001B6A012211462046984723685B6A012226
:1033F00011462046984710BD0023C3600161704705
:1034000010B4C3681944C1604468236891FBF3F2A7
:10341000036913440361226891FBF2F302FB131169
:10342000C16010BC704738B504460D460369CA1A1E
:1034300003D121612369236038BD002A15DD002BEB
:1034400009DB8168FFF7DCFF2369AB42F2DB002375
:10345000E3602561EEE78168FFF7D2FF2369002B67
:10346000E8DB0023E3602361E4E7002AE2DA002BD3
:103470000ADD81684942FFF7C3FF2369002BD9DCCD
:103480000023E3602361D5E781684942FFF7B8FF75
:103490002369AB42CEDC0023E3602561CAE781608B
:1034A000704708B54368D3F8B4305969FFF7F7FFA0
:1034B00008BD8160704708B54368D3F8B430196916
:1034C000FFF7F7FF08BD0023C3600161704710B428
:1034D000C3681944C1604468236891FBF3F203692F
:1034E00013440361226891FBF2F302FB1311C160E4
:1034F00010BC704738B504460D460369CA1A03D19B
:1035000021612369236038BD002A15DD002B09DB0A
:103510008168FFF7DCFF2369AB42F2DB0023E36045
:103520002561EEE78168FFF7D2FF2369002BE8DB16
:103530000023E3602361E4E7002AE2DA002B0ADDDE
:1035400081684942FFF7C3FF2369002BD9DC0023C0
:10355000E3602361D5E781684942FFF7B8FF23693B
:10356000AB42CEDC0023E3602561CAE710B5044618
:103570000846E1602161FDF761FB01464FF07C5098
:10358000FDF764FC606110BD10B504468368D3F894
:10359000B4301969FFF7EAFFA368D3F8B4301B69A8
:1035A000034A82FB0312DB17C3EBA213A36110BD16
:1035B000D34D62100023C36102624362816270478F
:1035C00010B4436A194441628468236891FBF3F2A2
:1035D000836A13448362226891FBF2F302FB1311A6
:1035E000416210BC704710B4C3691944C16184685A
:1035F000236891FBF3F2036A13440362226891FB90
:10360000F2F302FB1311C16110BC7047F8B5044618
:10361000836ACD1A2FD1036A826951428B4206DB3D
:10362000934204DC0023C3610362436203E0002B86
:103630000ADC002B14DB216A2046FFF7C1FFA36AD6
:103640002360236A6360F8BD216949422046FFF781
:10365000CAFF236A002BEEDC0023E3612362EAE762
:1036600021692046FFF7BFFF236A002BE3DB00231D
:10367000E3612362DFE7066A56B9002D03DDC16806
:10368000FFF7B1FFD7E7C1684942FFF7ACFFD2E7C8
:10369000002D43DD002E41DD8368D3F8B430DF68B0
:1036A000BE4230DC3046FDF7C9FA0146FDF71AFB91
:1036B0006169FDF717FBFDF7F1FC85EAE571A1EB08
:1036C000E571884213DABE42B5DAE1682046FFF7B9
:1036D0008AFF216AA368D3F8B420D2689142AADB9A
:1036E0000022E261D3F8B430DB682362A3E72169EA
:1036F00049422046FFF777FF236A002B9BDC00231B
:10370000E361236297E701694942FFF76CFF236A8F
:10371000002B90DC0023E36123628CE7002D11DB9A
:10372000002D5ADB002D86DD002E84DA216920462B
:10373000FFF759FF236A002BFFF67DAF0023E361FB
:10374000236278E7002EEBDAA368D3F8B430DF68A1
:103750007F42BE4235DB3046FDF770FA0146FDF789
:10376000C1FA6169FDF7BEFAFDF798FC85EAE571DB
:10377000A1EBE571814218DDBE427FF75CAFE168E5
:1037800049422046FFF72FFF216AA268D2F8B430E1
:10379000DB685B4299423FF74EAF0023E361D2F80A
:1037A000B430DB685B42236245E721692046FFF7BE
:1037B0001AFF236A002BFFF63EAF0023E36123626A
:1037C00039E721692046FFF70EFF236A002BFFF639
:1037D00032AF0023E36123622DE7002EA2DD2169D1
:1037E00049422046FFF7FFFE236A002B3FF723AF35
:1037F0000023E36123621EE7C16001614161C26190
:10380000704710B4C3680361C160CB1A8268146842
:10381000C269C2EB821204FB0323826913449A112A
:10382000C261A3EB8213836141610160426010BCFD
:103830007047C16070470023436103778362C262AF
:1038400003634163704710B4836A194481628468DA
:10385000236891FBF3F2C36A1344C362226891FBAD
:10386000F2F302FB1311816210BC704710B4036BBA
:10387000194401638468236891FBF3F2436B13449A
:103880004363226891FBF2F302FB1311016310BC46
:1038900070472DE9F84304460D461646036A9342E5
:1038A00033D04FF00008C4F8148026626562D4F863
:1038B0002C9009EB0600FDF7C1F90746A6EB0900BD
:1038C000FDF7BCF901463846FDF70CFA0646606B79
:1038D000281A4000FDF7B2F901463046FDF7B6FA66
:1038E000FDF7DCFB206184F81C80237F002B38D09F
:1038F000E36AEBB9A362E16A2046FFF7B7FF636BA7
:103900002360E36A6360BDE8F883436A8B42C8D1F1
:10391000426981694FF47A7303FB01F39A4202DB37
:1039200001230377E1E783685B681A444261DCE7BF
:10393000002B0BDDE16849422046FFF784FFE36A74
:10394000002BD8DC0023A362E362D4E7E1682046C1
:10395000FFF779FFE36A002BCDDB0023A362E3626C
:10396000C9E721692046FFF76EFFC4E738B5044672
:103970000D468368D3F8B4301969FFF75AFFA56183
:1039800038BD10B50446C0F8B4100830FFF789FD03
:1039900004F11C00FFF78FFD04F13000FFF7F4FD88
:1039A000C82104F17C00FFF7E1FF10BDC0F84C1105
:1039B0007047C0F85011704710B503460A46C163FE
:1039C00000290CDD816A80684068014419669968A5
:1039D000D1F8500101684C68196EA04710BD00294C
:1039E00002DB816A0166F2E7816A80684068091A31
:1039F0001966ECE710B503681A695A61C269036871
:103A0000891A196103681A69B2F5801F02DD4FF443
:103A100080121A6103681A6912F5801F01DA264ABA
:103A20001A61036859681A6902FB01F29A61036816
:103A30009A681C69596A04FB02125A620268536A46
:103A40009B1293620368996A5A6AA2EB81225A62B6
:103A50000368996ADA690A44DA610168CC698368A3
:103A60005A699302B4EB822F1CDDCB610268D168E6
:103A7000136954691B1B03FB01F31362026893690A
:103A8000D1690B44116A0B449B12D3620268D16A5C
:103A900083685B6999420ADDD3620368D96AFFF7DC
:103AA0008BFF10BD5B429C42E0DACB61DEE75B42FC
:103AB0009942F2DAD362F0E70000F0FF38B5846A89
:103AC0000368091B19640368196C996401680B6C1D
:103AD0000E331C2B01D800230B640368196CB1F55D
:103AE000486F02DD4FF4486119640368196C11F5E1
:103AF000486F01DA36491964C369D21A0368D211D2
:103B00005A6403685A6CDA640268536C3133622B6E
:103B100001D80023536403685A6CB2F57A6F02DD52
:103B20004FF47A625A6403685A6C12F57A6F01DABC
:103B3000284A5A640368196B1A6C02FB01F21A6571
:103B400003689A6B1D6C596B5C6C04FB01F105FBFF
:103B50000211DA6D0A44DA650268D36DDB1113666F
:103B60000368196EDA6DA2EBC112DA650368196E8B
:103B70005A6D0A445A6501684C6D83685A6993020C
:103B8000B4EB822F1ADD4B650368D96B5A6C02FBCC
:103B900001F29A650268136D516D0B44916D0B44EF
:103BA0009B1253660268516E83685B6999420ADD15
:103BB00053660368596EFFF7FFFE38BD5B429C42B7
:103BC000E2DA4B65E0E75B429942F2DA5366F0E7EE
:103BD00080F3FFFF60F0FFFF017170478368DB68CF
:103BE0000B440364704700002DE9F84F05460F466B
:103BF000164644690C1BD0F80890D9F80C301C44C8
:103C0000002CB8BF6442D9F81C00FDF717F88046B5
:103C10003146FDF767F883463146FDF763F84FF00C
:103C20007A51FDF75FF882462046FDF707F8044613
:103C30005146FDF713FA50B1194B5B69C9F81830BA
:103C400039462846FFF7CAFF0020BDE8F88F314605
:103C50003046FDF747F806464FF081412046FDF714
:103C600041F84146FDF7F2F801463046FCF730FFD7
:103C700005F0C0FE01464046FDF734F801465846BF
:103C8000FCF726FF4FF07C51FDF72CF8AC68FDF7F0
:103C900005FAA06139462846FFF7A0FF0120D4E7C6
:103CA0002C12002083689B695A428A4202DC8B42B4
:103CB00000DB4164704738B504461546FFF78EFFB8
:103CC00029462046FFF7EEFF38BD38B571B1C2680E
:103CD0008568E868101AFCF7B1FF0446A868FCF78D
:103CE000ADFF01462046FDF7B1F838BD4269856851
:103CF000E868101AFCF7A2FF0446A868FCF79EFFCC
:103D000001462046FDF7A2F8EFE738B50446C06942
:103D1000FCF794FF0546A3689868FCF78FFF0146FF
:103D20002846FDF793F838BD08B5C06BFCF786FF51
:103D30000149FDF78BF808BD00007A4438B5044608
:103D4000006CFCF77BFF0546A3689868FCF776FFDC
:103D500001462846FDF77AF838BD38B50446406C70
:103D6000FCF76CFF0546A3689868FCF767FF0146FF
:103D70002846FDF76BF838BD83685B698B4201DA32
:103D8000836470475B428B4201DD836470478164CA
:103D9000704700234366C37170470000002813DB9F
:103DA000314B98425DDD314B98423CDAA0F5C3308F
:103DB000A0384FF4837303FB00F00015B0F5D77FF4
:103DC00016DD4FF4D77013E0294B984245DAA3F57E
:103DD0009213A3F5786398420BDB00F5C330A03053
:103DE0004FF4837303FB00F0001510F5D77F36DB2B
:103DF0007047204B98420BDB00F59E1000F5B15048
:103E0000C0EBC000C0EB00100015A0F59670ECE709
:103E100000F5061000F58E50342303FB00F000156A
:103E2000A0F5C370E1E7144B98420BDAA0F59E10A1
:103E3000A0F5B150C0EBC000C0EB0010001500F5BC
:103E40009670BBE7A0F50610A0F58E50342303FB57
:103E500000F0001500F5C370B0E700207047074878
:103E600070470020704700BF9F86010020D61300D6
:103E70006179FEFF416EDEFFC091210052FEFFFF1F
:103E8000284B93F83430002B4AD0264B1B7B037110
:103E9000002343718371C3600361436183610362E3
:103EA000C361C36243634362836283638268D2688F
:103EB00002644364836480F84C3080F84D300365BD
:103EC0004365836580F85C3080F85D3080F85E3053
:103ED0000366C3634366C371836680F86C3002680F
:103EE000136102685361026893610268D3610268DA
:103EF000136202685362026893620268D3620268C6
:103F000013640268536402681365026853650268AB
:103F100093650268D365026813660268536670474A
:103F20000023B4E72C12002010B444698268916821
:103F300094FBF1F301FB1343D36010BC70470160A5
:103F40007047026800235362026893620268D3617B
:103F50000268D36502681366026853657047000003
:103F600038B50446AA4B1B78002B40F0CC80D0F823
:103F70004831DA681A61D0F84C21D0F84831D2883B
:103F8000DA60D0F84821D36811695B1A8168B3EB15
:103F9000610F40F3E2805B1A51699161D4F84811D6
:103FA0004A6913444B61D4F84831DA695A63D4F84A
:103FB00048315A699969521AD4F89000D969C1EB0D
:103FC000411100FB0212196A0A441A62D4F848210E
:103FD000136A5B11D361D4F84831DA69596B521A0C
:103FE000D4F89000D96AC1EB812100FB0212196B51
:103FF0000A441A63D4F84821136B9B12D362D4F895
:104000004831D9691A6AA2EB41121A62D4F84831D0
:10401000D96A1A6BA2EB81221A63D4F84851E86975
:10402000FFF7BCFE6862D4F848315A69596A0A44FD
:104030009A62D4F848311A6D996A521A9A63D4F880
:104040004831DA7952B993F85C303BB9D4F84C0175
:1040500003689B689847002840F08680D4F84801A0
:10406000FFF76FFFD4F8482100231366D4F84821E6
:10407000D363D4F8500103689B689847D4F848315B
:1040800059791A79914205D05A71D4F848310122F0
:1040900083F85E20D4F84821516CA369994240F31B
:1040A000AB805364D4F84821916C6369994240F322
:1040B000A9809364D4F8483193F85C2012B193F846
:1040C0004C202AB193F85D202AB193F84D2012B903
:1040D000012283F85E20D4F8483193F85E20002A4C
:1040E00040F09880D4F848114B79013B072B00F23F
:1040F000F080DFE813F0DF002E01390144015501A3
:10410000650170017B01C268816801EBD1735810B1
:10411000B2EB630F16DAD4F84C31DB8802449342D9
:1041200000DD5B1AD4F84821D360D4F8482113612C
:10413000D4F848215361D4F848219361344B0022CC
:104140001A7038BDD4F84C31DB8801EBD170A2EB8A
:1041500060029342E6DA0B44E4E74842B3EB600FB7
:10416000BFF61AAF0B4417E7D4F8480190F85D305A
:104170004BB94379082B81D8DFE803F0192C2824A8
:104180001F3935311400FFF7DCFED4F84821002335
:104190001366D4F84821D363D4F850010368DB6870
:1041A00098476BE7426D016DFFF788FC66E7D4F82E
:1041B000500103689B68984760E7426D016DFFF707
:1041C0007DFC5BE7816DFFF7F7FB57E7416DFFF77C
:1041D00011FC53E7426D016DFFF770FC4EE7816DF6
:1041E000FFF7EAFB4AE7416DFFF704FC46E7426D43
:1041F000016DFFF763FC41E75B429942BFF652AFA6
:1042000053644FE75B429942BFF654AF936451E762
:1042100004000020002283F85E20D4F84801FFF754
:1042200090FED4F84801FFF7B4FDD4F848114B795B
:10423000013B072B3FF656AFDFE803F0040B1117E5
:104240001E252B31CA69896A04F1C000FFF7B2F953
:1042500048E7C96904F1AC00FFF735F942E7C96BDB
:1042600004F19800FFF7C8F83CE7CA69896A04F5C9
:104270008670FFF7E0FA35E7CA69896A04F1C00081
:10428000FFF798F92EE7C96904F1AC00FFF71BF9B5
:1042900028E7C96B04F19800FFF7AEF822E7CA6976
:1042A000896A04F1EC00FFF7A7FAD4F848319A6A5A
:1042B0001A6417E7096C04F1C000FFF7A7F9D4F8F6
:1042C0004831D4F8C0201A65D4F84831D4F8C42055
:1042D0005A65D4F8483193F84C2083F85C20D4F820
:1042E000483193F84D2083F85D20D4F84831DA6BDB
:1042F00082EAE270A0EBE270196891F8681051B19F
:104300005979032900F0828007297FD062698242AF
:104310007FD000225A66D4F848315A79032A05D052
:10432000072A03D06269824200F08E8000229A66DA
:10433000D4F8483183F86C20D4F84C0103689B68AA
:104340009847002840F08D80D4F8483105229A71B2
:10435000F7E6496C04F1AC00FFF7CCF8D4F848312B
:10436000D4F8AC205A65B4E7896C04F19800FFF7E3
:104370005AF8D4F84831D4F898209A65A9E74A6CDD
:10438000096C04F58670FFF784FAD4F84831D4F844
:104390000C211A65D4F84831D4F810215A6598E7F1
:1043A000096C04F1C000FFF731F9D4F84831D4F8B2
:1043B000C0201A65D4F84831D4F8C4205A6588E77B
:1043C000496C04F1AC00FFF795F8D4F84831D4F803
:1043D000AC205A657DE7896C04F19800FFF723F85B
:1043E000D4F84831D4F898209A6572E7096C04F142
:1043F000EC00FFF706FAD4F84831D4F8EC201A653F
:10440000D4F84831D4F8F0205A6562E7002A3FF426
:104410007DAFDA6982EAE271A1EBE271A2682E4D0A
:1044200085FB02C5D217C2EB65029142BFF673AF9E
:104430005A6E2A498A4202D90122DA716BE7D4F80E
:1044400094100A445A6666E79A6E24498A4203D950
:10445000012283F86C206FE7D4F894100A449A661E
:104460006AE7D4F848315A790AB99A7169E6D97974
:1044700011B104229A7164E693F86C1011B1032211
:104480009A715EE6012A06D0022A11D0032A19D0B9
:1044900001229A7155E6196D1A6C914202D00222DE
:1044A0009A714EE65A6D002AF9D101229A7148E6B6
:1044B000596D5A6C914202D002229A7141E6012252
:1044C0009A713EE6996D9A6C914202D002229A71DD
:1044D00037E601229A7134E6676666663F420F004E
:1044E00010B50446D0F84C0103685B689847204635
:1044F000FFF736FD10BDF0B5B0F800E076460123B9
:1045000009E02746C2F1000CB5EB6C0F00DAA718E2
:104510003E4401339BB28B4208D230F81340A4EBE7
:104520000E05B5EB620FECDDA71AEBE796FBF1F099
:10453000002803DB904200DD801AF0BD1044F9E74B
:1045400070B504468368D3F84C0103685B689847EC
:10455000637B062B00F2DC80DFE813F007001C0011
:1045600031006C0084009700D2002379002B00F00A
:10457000CF80A368D3F85001026855681A69216991
:10458000A847A3689B6823610023E382012262732A
:104590002373BDE0216902312161A368D3F8500182
:1045A000026855681A69A8472269A3689B68B2EB3C
:1045B000430F40F0AD80236102236373A8E02569B7
:1045C000A6687268B5FBF2F302FB135303BBD6F87F
:1045D0004C319988E28A531C9BB2E3820C3224F856
:1045E0001210102B16D1D6F84C31DA68102104F1D4
:1045F0001800FFF780FFB368EB1A7268B3FBF2F3A1
:104600001C3324F813000023E3820135256101E007
:1046100001352561D6F8500103685B68326921696C
:1046200098472369A2689268B3EB420F70D90323BD
:1046300063736DE0216901312161A368D3F85001F2
:10464000026855681A69A8472169A3689A685B6877
:1046500003EB830302EB4303B1EB430F58D1042375
:10466000637355E0216901392161A368D3F85001D2
:10467000026855681A69A8472369A2689268B3EB73
:10468000420F45D10523637342E02569A66872682D
:10469000B5FBF2F302FB13530BBBD6F84C319988F0
:1046A000E28A531C9BB2E3820C3224F81210102BC6
:1046B00017D1D6F84C31DA68102104F11800FFF751
:1046C0001AFFB368EB1A7268B3FBF2F3E43304EB3E
:1046D000430358800023E382013D256101E0013D51
:1046E0002561D6F8500103685B68326921699847F3
:1046F0002269A3689B689A420AD20623637307E083
:10470000A368D3F8500103685B68002211469847FC
:1047100070BD0844B0FBF1F301FB13007047401A71
:10472000B0EB620F00DD801A5342B0EB630F00DA8A
:1047300010447047431A08444010002BB8BF5B4236
:104740005110B3EB620F04DD814201DC401A704767
:10475000084470472DE9F04705468368D3F84C318B
:10476000D3F80C80714B83FB08234FEAE877C7EB43
:10477000A3170024C82C17D804F11C0604F1E40385
:1047800005EB4303AA68D2F84C21D268598835F862
:104790001600FFF7CFFF82B225F8162021466448A5
:1047A00005F022FD0134E5E7AE68D6F84C31DA6851
:1047B000B5F8C611288FFFF7B2FF814648B100282F
:1047C000D4BF4FF000094FF0010985F8149001247F
:1047D0000FE001232B73BDE8F08702232B73FAE768
:1047E00002232B73F7E701232B73F4E700282DDB5B
:1047F0000134C72C30D804F11C0304F11B01D6F896
:104800004C21D26835F8111035F81300FFF787FFF7
:1048100080EAE071A1EBE07107EB470303EBD37390
:10482000B1EB630FD9DC414A82FB08324FEAE873EF
:10483000C3EBE2139942D3DB0028D4D00028D5DDA6
:10484000B9F1000FD2D101232B73C4E7B9F1000FE6
:10485000CED001232B73BEE7B9F1000F2AD14FF060
:10486000000A57463FE03C46C72C27D8671CC821A2
:104870003846FFF74EFF1C3035F81090C82120460F
:10488000FFF747FF00F11C0335F81330A9EB0309CC
:10489000B9F1000FE7DA08F10108C5F85C43D6F872
:1048A0004C31DB68013B1C3035F810209B1AC5F8F1
:1048B0006033D8E74FF000084446D5E7B8F1010F60
:1048C00031D003232B7386E70AF1010AC5F85C7324
:1048D000D6F84C31DB68013B1C3435F814209B1AA8
:1048E000C5F860334F46C72F17D807F10109C82113
:1048F0004846FFF70EFF044600F11C0335F813800D
:10490000C8213846FFF705FF1C3035F81030A8EBFA
:104910000308B8F1000FD7DCE4E7BAF1010F02D0C9
:1049200003232B7357E700232B7354E71F85EB51A9
:10493000284D01082DE9F84F437B062B40F03281CA
:1049400004468368D3F8500103689B689847204663
:10495000FFF700FF237B002B40F01381C4F8643382
:1049600023689B682046984723681B682046984721
:10497000237D002B78D0D4F85C734FE0D4F86053DB
:10498000B5424ADAA268506805FB00F393FBF6F3E0
:10499000916807FB0030FFF7BCFE2368DB6881B23B
:1049A00020469847D4F864330133C4F864330135A2
:1049B000E6E70025D4F86033AB422EDDA2685068EC
:1049C00005FB00F393FBF6F3916807FB0030FFF75C
:1049D000A0FE2368DB6881B220469847D4F8643390
:1049E0000133C4F864330135E4E7A268506805FB7D
:1049F00000F393FBF6F3916807FB0030FFF789FEA5
:104A00002368DB6881B220469847D4F864330133C9
:104A1000C4F864330135B542E7DB4746D4F85C930C
:104A2000A668356809EB050ABA45C0F29C8007F113
:104A3000010829464046FFF76CFE1C3034F810B0E0
:104A400029463846FFF765FE1C30D6F84C31DA6847
:104A500034F810105846FFF762FE0646B9458DD06F
:104A6000BA45A6D00025D6E7D4F85C23A3681B6816
:104A700002EB030853E0D4F86053B5424DDAA26864
:104A8000536803FB07F005FB03F393FBF6F3916810
:104A9000C01AFFF73EFE2368DB6881B220469847C4
:104AA000D4F864330133C4F864330135E5E70025F5
:104AB000D4F86033AB4230DDA268536803FB07F0E3
:104AC00005FB03F393FBF6F39168C01AFFF721FE91
:104AD0002368DB6881B220469847D4F864330133F9
:104AE000C4F864330135E3E7A268536803FB07F0B9
:104AF00005FB03F393FBF6F39168C01AFFF709FE79
:104B00002368DB6881B220469847D4F864330133C8
:104B1000C4F864330135B542E6DB08F1FF38D4F858
:104B20005C93C1451FDCA668356829464046FFF7FF
:104B3000F0FD1C3034F810A008F101072946384672
:104B4000FFF7E7FD1C30D6F84C31DA6834F8101066
:104B50005046FFF7E4FD06464D4445458BD0C14520
:104B6000A5D00025D7E723685B6820469847D4F88E
:104B70006423A368D3F84C31DB689A4201D0042344
:104B80002373237B83B9A368D3F84C3101221A72B3
:104B9000A368D3F848310122DA71002363732371CB
:104BA000237B5BB1BDE8F88FA368D3F84C310022BA
:104BB0001A7223689B6820469847E9E701F0C0F81D
:104BC000F0E710B504460368DB68984723685B6824
:104BD0002046984701232372002300E00133E26856
:104BE0009A4209D9A26932F813104FF6FF72914226
:104BF000F4D100222272F1E7207A10BD38B50446C4
:104C00004FF4034383834FF40443C383002517E029
:104C10000133DBB20F2B0AD841FA03F212F0010F75
:104C2000F6D094F82420013284F82420F0E794F898
:104C3000243013F0010F1BD0002363750135EDB252
:104C4000022D17D823681B69A18B20469847208422
:104C500023681B69E18B204698476084238CC1B28E
:104C600041EA032189B22182002384F82430D1E76C
:104C700001236375637D2BB1238A9A106282C3F38B
:104C800040032375638AA380A26932F81300E08091
:104C900038BD007A704738B5044683680B4483609A
:104CA00003681B68017998476379834218D00546E9
:104CB00080B1636900209847A368E2689B1A226963
:104CC000934203D963690220984708E0636903208F
:104CD000984704E0636901209847A368E360657121
:104CE00038BD38B504460D4603681B6801799847FE
:104CF0006071656138BD10B5044643681944416070
:104D0000052A09D8DFE802F0221C16272E0300230B
:104D10000373437301230374237B002B6ED0637BE7
:104D2000002B62D0A37B013B032B6DD8DFE803F09F
:104D3000202F3E4D01230373437300230374EBE7DD
:104D400001230373002343730374E5E70023037314
:104D500043730374E0E701230373002343730323C6
:104D60000374D9E700230373437302230374D3E767
:104D7000A368C91AC82947D923681B6800221146AD
:104D8000204698476368A3600223A3733CE0A368AE
:104D9000C91AC82938D923681B6801220021204676
:104DA00098476368A3600323A3732DE0A368C91A1F
:104DB000C82929D923681B68002211462046984734
:104DC0006368A3600423A3731EE0A368C91AB1F546
:104DD0002F7F19D923681B6801220021204698479C
:104DE0006368A3600123A3730EE023681B6801229C
:104DF0000021204698470123A37305E023681B6820
:104E00000022114620469847237E022B14D0032B04
:104E100034D0012B00D010BD636862699B1AC82B87
:104E2000F9D923681B68002201212046984763684E
:104E3000636102232376EEE7636862699B1AC82BDD
:104E4000E9D9E37B0133DBB2E373227C93420AD2DC
:104E500023681B68012211462046984701232376C8
:104E600063686361D7E723681B680022012120463D
:104E700098470323237663686361CCE763686269BC
:104E80009B1AB3F57A7FC6D90023E37323681B68A6
:104E9000227C003A18BF012201212046984763680E
:104EA000636101232376B6E710B504460E4B1878EC
:104EB0004FF47A73B3FBF0F30C4A1068B0FBF3F0D5
:104EC00000F050FF68B90F2C01D901200AE0002240
:104ED00021464FF0FF3000F0F1FE054B1C60002032
:104EE00000E0012010BD00BF0500002000000020F0
:104EF0000800002008B5074A136843F01003136048
:104F0000032000F0C9FE0F20FFF7CEFFFDF76AFE79
:104F1000002008BD00200240034A1168034B1B78A3
:104F20000B441360704700BF040E002005000020F2
:104F3000014B1868704700BF040E002038B50446C6
:104F4000FFF7F6FF0546B4F1FF3F02D0044B1B7894
:104F50001C44FFF7EDFF401BA042FAD338BD00BF51
:104F600005000020704708B5436A9A6A12F0500F96
:104F70001ED19A6A42F400729A621A68926802F428
:104F80006022B2F5602F03D01846FFF7EBFF08BD93
:104F90001A7B002AF8D19A6A22F480729A629A6A7D
:104FA00012F4805FF0D19A6A42F001029A62EBE754
:104FB0001B6A1B6B9847EAE7704708B5406AFFF722
:104FC000FBFF08BD704708B5406A836A43F04003A1
:104FD0008362C36A43F00403C362FFF7F3FF08BDB3
:104FE00030B482B00022019290F82420012A00F00F
:104FF0008B800346012280F824204A68062A29D89B
:105000000568686B02EB8202053A1F24944020EA8F
:1050100004000C6804FA02F202436A630A68092A6F
:1050200038D91D68E86802EB42021E3A0724944012
:1050300020EA04008C6804FA02F20243EA600A687B
:10504000103A012A34D90020002283F8242002B02B
:1050500030BC70470C2A0ED80568286B02EB820220
:10506000233A1F24944020EA04000C6804FA02F258
:1050700002432A63D2E70568E86A02EB8202413AFA
:105080001F24944020EA04000C6804FA02F2024350
:10509000EA62C3E71D68286902EB420207249440D4
:1050A00020EA04008C6804FA02F202432A61C6E78F
:1050B0001A681648824205D09A6A42F020029A6223
:1050C0000120C1E7906810F4000F1BD1906840F4F4
:1050D000000090600A68102A01D00020B4E70C4A52
:1050E00012680C49A1FB0212920C02EB82025200E0
:1050F000019202E0019A013A0192019A002AF9D143
:105100000020A1E700209FE70220A0E70024014043
:105110000000002083DE1B4330B583B000230193E1
:1051200003689A6812F0010F32D104469A6842F07F
:1051300001029A60184B1B68184AA2FB03239B0CC0
:105140000193019B1BB1019B013B0193F9E7FFF721
:10515000EFFE054623689B6813F0010F16D1FFF799
:10516000E7FE431B022BF5D923689B6813F0010F60
:10517000F0D1A36A43F01003A362E36A43F0010392
:10518000E362002384F82430012002E0002000E0E4
:10519000002003B030BD00BF0000002083DE1B43B1
:1051A000F8B504460D461646036844498B4259D06B
:1051B000434A934256D094F82430012B7CD00123EB
:1051C00084F824302046FFF7A7FF074600286ED159
:1051D000A36A23F4706323F0010343F48073A36292
:1051E0002268374B9A4244D0A36A23F48013A36207
:1051F000536813F4806F05D0A36A23F4405343F43B
:105200008053A362A36A13F4805F48D0E36A23F05B
:105210000603E362002384F82430236A294A9A6251
:10522000236A294ADA62236A284A1A6323686FF0DC
:1052300002021A602268936843F4807393602168C5
:1052400033462A464C31206A00F0EEFD23689A6806
:1052500002F46022B2F5602F24D09A6842F48012E2
:105260009A6027E0154B5B6813F4702FA3D00127D9
:1052700020E0A3F580635B6813F4702FB4D0A36AB9
:1052800043F48013A3620D4B5B6813F4806FB9D0B5
:10529000A36A23F4405343F48053A362B2E700238C
:1052A000E362B7E79A6842F4A0029A6002E0002342
:1052B00084F824303846F8BD0227FBE7002401407B
:1052C00000280140674F0008BB4F0008C74F000887
:1052D00038B503689A6812F0010F01D1002038BD7B
:1052E00004469A6822F001029A60FFF721FE054603
:1052F00023689B6813F0010F13D0FFF719FE431BBF
:10530000022BF5D923689B6813F0010FF0D0A36A34
:1053100043F01003A362E36A43F00103E362012058
:10532000DDE70020DBE7000000287BD070B50446F5
:10533000836A002B4DD02046FFF7CAFFA36A13F003
:10534000100369D1002867D1A26A22F4885222F0A2
:10535000020242F00202A2626268E1690A43217B12
:1053600042EA4102A568B5F5807F02D0012D36D012
:105370001D46267D012E35D02668716821F46941CD
:10538000294371602568AE68274931401143A960FF
:10539000A168B1F5807F01D0012902D12369013BC9
:1053A0001B052568E96A21F470010B43EB62236851
:1053B00099681E4B0B409A4225D0A36A23F0120332
:1053C00043F01003A362E36A43F00103E3620120A8
:1053D00027E0C36280F82430FDF764F9ABE74FF4AF
:1053E0008075C6E731B9A169013945EA413141F417
:1053F0000065C1E7A16A41F02001A162E16A41F0C4
:105400000101E162B8E70023E362A36A23F003032A
:1054100043F00103A36204E0A36A43F01003A36214
:10542000012070BD01207047FDF7E1FFFE0E1FFF58
:1054300070B582B00023019390F82430012B72D014
:105440000446012380F82430FFF742FF2046FFF78F
:1054500063FE054628B1002384F82430284602B0B4
:1054600070BDA36A23F4885323F0020343F00203C0
:10547000A3622E4B1E68022001F050FCB6FBF0F632
:105480007600019602E0019B013B0193019B002BFA
:10549000F9D12268936843F008039360FFF748FD51
:1054A000064623689A6812F0080F14D0FFF740FDF3
:1054B000801B0A28F5D923689B6813F0080FF0D0E9
:1054C000A36A23F0120343F01003A362002384F8BD
:1054D00024300125C2E79A6842F004029A60FFF77F
:1054E00027FD064623689B6813F0040F14D0FFF7CE
:1054F0001FFD801B0A28F5D923689B6813F0040F51
:10550000F0D0A36A23F0120343F01003A362002338
:1055100084F824300125A1E7A36A23F0030343F0B4
:105520000103A36297E7022598E700BF000000206F
:10553000002800F0A18038B5044690F82030D3B19F
:105540002268136843F001031360FFF7F1FC05467E
:1055500023685A6812F0010F10D1FFF7E9FC401BD5
:105560000A28F5D9636A43F400336362052384F89B
:105570002030012038BDFDF735F9E1E71A6822F047
:1055800002021A60FFF7D4FC054623685A6812F03D
:10559000020F0DD0FFF7CCFC401B0A28F5D9636A37
:1055A00043F400336362052384F820300120E1E7EF
:1055B000227E012A3DD01A6822F080021A60637EA2
:1055C000012B3BD02268136823F040031360A37EB5
:1055D000012B39D02268136823F020031360E37E87
:1055E000012B37D02268136843F010031360237F28
:1055F000012B35D02268136823F008031360637F02
:10560000012B33D02268136823F004031360A368CE
:10561000E268134322691343626913436268013AE3
:1056200021681343CB6100206062012384F820309D
:10563000A0E71A6842F080021A60C0E72268136887
:1056400043F040031360C2E72268136843F020036D
:105650001360C4E72268136823F010031360C6E7E1
:105660002268136843F008031360C8E722681368D0
:1056700043F004031360CAE701207047026890F802
:105680002030013BDBB2012B05D9436A43F4802370
:1056900043620120704770B4D2F8003243F0010336
:1056A000C2F800324B6903F01F03012000FA03F334
:1056B000D2F81C02DC4320EA0300C2F81C02C869CD
:1056C000A8B9D2F80C022040C2F80C02CE688D882E
:1056D000486945EA0645483042F830508E680D88E2
:1056E000486945EA0645483002EBC0004560C86994
:1056F000012819D0886970BBD2F804022040C2F892
:105700000402086968BBD2F814020440C2F81442CB
:10571000096A01292BD0D2F8003223F00103C2F824
:105720000032002070BC7047D2F80C021843C2F857
:105730000C020E688D88486945EA0645483042F8F3
:1057400030508E688D89486945EA0645483002EB3D
:10575000C0004560CEE7D2F804021843C2F8040244
:10576000CFE7D2F814021843C2F81402D0E7D2F8F7
:105770001C120B43C2F81C32CDE770B5044690F8FA
:105780002050EDB2012D06D0436A43F4002343625A
:105790000125284670BD022380F820300268136876
:1057A00023F001031360FFF7C3FB064623685B6821
:1057B00013F0010F0CD0FFF7BBFB831B0A2BF5D9AD
:1057C000636A43F400336362052384F82030E0E722
:1057D00000256562DDE770B490F820400568AD688B
:1057E000013CE4B2012C5DD815F0E05F54D0C5F364
:1057F00001640125A5401D608B68002B39D10E681E
:10580000CB68056843EA465604F118031B01EE50C5
:1058100003680D6904F1180603EB06135D600B7D48
:10582000012B31D0D17993791B0443EA016351797B
:1058300043EA0123157901682B4301EB0411C1F8F8
:105840008C31D17893781B0443EA0163517843EAA1
:105850000123117802680B4302EB0412C2F888316D
:10586000026818342401135943F001031351002036
:105870001DE04D6843EAC503CD6806682B4304F17B
:1058800018052D017351C3E7036803EB061359682C
:1058900041F480715960C5E7436A43F400134362E1
:1058A000012004E0436A43F480234362012070BC7A
:1058B000704770B490F82040013CE4B2012C00F233
:1058C000A08051B90468E46814F0030F10D1436A52
:1058D00043F400134362012098E00468246914F043
:1058E000030F05D1436A43F40013436201208DE0A6
:1058F000056801F11B0424012C5904F00404946090
:10590000002C67D1056801F11B0424012C59640D9A
:105910001460056801F11B0424012D5905F00205EE
:10592000D56005682C44646814F0080F5AD0082428
:105930001461056801F11B0605EB06156D68C5F3DA
:1059400007259561046804EB06146468240C54610F
:10595000026802EB0112D2F8B8211A70026802EB59
:105960000112D2F8B821C2F307225A70026802EB82
:105970000112D2F8B821C2F307429A70026802EB12
:105980000112D2F8B821120EDA70026802EB01128D
:10599000D2F8BC211A71026802EB0112D2F8BC21C4
:1059A000C2F307225A71026802EB0112D2F8BC213D
:1059B000C2F307429A71026802EB0112D2F8BC21CD
:1059C000120EDA71B9B90268D36843F02003D360CC
:1059D00000201BE0056801F11B0424012C59E40898
:1059E000546096E701F11B0405EB04156C6804F0A4
:1059F0000F0414619DE70268136943F020031361EB
:105A0000E6E7436A43F480234362012070BC704799
:105A100090F82030013BDBB2012B05D9436A43F4F7
:105A20008023436201207047026853691943516122
:105A30000020704770477047704770477047704745
:105A40007047704770477047704770472DE9F84FAF
:105A5000054603685C69D3F804809F68D3F80CB0EE
:105A6000D3F810A0D3F8189014F001063BD017F02B
:105A7000010616D001229A6017F0020F08D117F024
:105A8000040F0CD117F0080606D04FF4805608E03A
:105A9000FFF7D0FF002604E0FFF7CFFF01E04FF44F
:105AA000006617F4807F0DD02B684FF480729A60E7
:105AB00017F4007F40F0868017F4806F00F0868036
:105AC00046F4005617F4803F0DD02B684FF4803217
:105AD0009A6017F4003F40F0838017F4802F00F0A5
:105AE000838046F4004614F0080F07D01BF0100F17
:105AF00004D046F400762B681022DA6014F0040F0C
:105B000002D01BF0080F79D114F0020F04D02B68DB
:105B1000DB6813F0030F78D114F0400F07D01AF0B0
:105B2000100F04D046F480662B6810221A6114F01E
:105B3000200F02D01AF0080F6BD114F0100F04D010
:105B40002B681B6913F0030F6AD114F4003F02D0D5
:105B500018F0100F68D114F4803F02D018F0080F2D
:105B600069D114F4004F7AD018F0040F74D014F4F3
:105B7000807F04D019F0010F01D046F0010614F423
:105B8000007F04D019F0020F01D046F0020614F491
:105B9000806F04D019F0040F01D046F0040614F40D
:105BA000006F59D019F0700956D0B9F1400F65D087
:105BB00058D8B9F1200F5ED0B9F1300F42D146F07C
:105BC000200644E02846FFF736FF7BE717F4006F16
:105BD00002D046F4804675E72846FFF72FFF71E7AD
:105BE0002846FFF729FF7EE717F4002F02D046F47E
:105BF000803678E72846FFF722FF74E72B680822F3
:105C0000DA602846FFF71CFF7EE72846FCF762FEB5
:105C100082E72B6808221A612846FFF713FF8CE7FA
:105C20002846FFF70EFF90E72B6810225A6028469F
:105C3000FFF709FF8FE72B6808225A602846FFF715
:105C400003FF8EE7B9F1100F01D146F008062A686C
:105C5000936923F0700393612B6804225A609EB904
:105C6000BDE8F88FB9F1500F0BD0B9F1600FEED14C
:105C700046F48076EBE746F01006E8E746F040068B
:105C8000E5E746F08006E2E76B6A1E436E6228464F
:105C9000FFF7DBFEE4E70000074AD36823F4E06384
:105CA0001B041B0C000200F4E060034343F0BF63DD
:105CB00043F40033D360704700ED00E030B4174B7D
:105CC000DB68C3F30223C3F10704042C28BF0424B8
:105CD0001D1D062D18D9033B4FF0FF3505FA04F4BE
:105CE00021EA0401994005FA03F322EA0303194368
:105CF00000280BDB0901C9B200F1604000F56140EA
:105D000080F8001330BC70470023E5E700F00F0077
:105D10000901C9B2024B1954F4E700BF00ED00E0DD
:105D200014ED00E0002807DB00F01F02400901230A
:105D30009340024A42F82030704700BF00E100E083
:105D4000BFF34F8F0549CA6802F4E062044B134366
:105D5000CB60BFF34F8F00BFFDE700BF00ED00E059
:105D60000400FA050138B0F1807F0AD2064B586072
:105D7000064AF02182F823100020986007221A605A
:105D800070470120704700BF10E000E000ED00E028
:105D900070B4066CC56B0124B4406C600468636029
:105DA0004368102B05D0036899600368DA6070BC03
:105DB000704703689A600368D960F8E760B310B46D
:105DC00002460168154B0B441548A0FB03031B0951
:105DD0009B001364134BD363022382F821300868BD
:105DE00020F47F5020F03000536894682343D46837
:105DF0002343146923435469234394692343D46997
:105E0000234303430B6000209063012382F8213079
:105E100082F8200010BC704701207047F8FFFDBFDA
:105E2000CDCCCCCC0000024038B5044690F8200020
:105E3000012832D0012084F8200094F82100C0B25B
:105E4000012804D0002384F82030022038BD02202D
:105E500084F821000020A0632568286820F0010054
:105E600028602046FFF794FFE36A5BB1226813685D
:105E700043F00E0313602268136843F001031360BC
:105E80000020E3E72268136823F00403136022680C
:105E9000136843F00A031360EDE70220D6E790F899
:105EA0002130DBB2022B06D004238363002380F869
:105EB0002030012070470268136823F00E0313603E
:105EC0000268136823F001031360036CC16B0122A5
:105ED00002FA03F34B6080F82120002380F8203081
:105EE0001846704708B590F82130DBB2022B03D07A
:105EF00004238363012008BD0268136823F00E03A6
:105F000013600268136823F0010313600368194AE1
:105F1000934214D0143293421FD0143293421ED0B5
:105F2000143293421ED0143293421ED01432934244
:105F300002D04FF0807203E04FF4801200E00122A3
:105F40000D4B5A60012380F82130002380F8203067
:105F5000436B6BB198470020CDE71022F0E74FF478
:105F60008072EDE74FF48052EAE74FF48032E7E7C2
:105F70000020C0E7080002400000024038B5C36BB3
:105F80001A6804682568016C04238B40134235D0DD
:105F900015F0040F32D0236813F0200F03D12368CB
:105FA00023F0040323600368434A934214D014325D
:105FB000934218D01432934217D01432934217D020
:105FC0001432934217D01432934202D04FF08062C1
:105FD00003E04FF4800200E00422384B5A60C36AA9
:105FE00003B1984738BD4022F7E74FF48062F4E7E9
:105FF0004FF48042F1E74FF48022EEE702238B401A
:1060000013423CD015F0020F39D0236813F0200F53
:1060100006D1236823F00A032360012380F821308E
:106020000368254A934214D0143293421CD0143290
:1060300093421BD0143293421BD0143293421BD094
:106040001432934202D04FF0007203E04FF400127A
:1060500000E00222194B5A60002380F82030836A46
:10606000002BBFD09847BDE72022F3E74FF4007222
:10607000F0E74FF40052EDE74FF40032EAE708236F
:1060800003FA01F11142ADD015F0080FAAD0236830
:1060900023F00E032360026CC16B012303FA02F2AA
:1060A0004A60836380F82130002380F82030036B3E
:1060B000002B97D0984795E7080002400000024067
:1060C000044B0022DA61044A136943F001031361AF
:1060D00001807047080E002000200240194BDB6849
:1060E00013F0100305D0184AD36943F00203D361BB
:1060F0001023144AD26812F0040F06D01249CA695C
:1061000042F00102CA6143F004030E4AD26912F060
:10611000010F09D00C49CA6942F00402CA61094959
:10612000CA6922F00102CA6140F20112934202D010
:10613000044AD3607047034AD36923F00103D36153
:10614000704700BF00200240080E00200A4B1B6968
:1061500013F0800F0BD0084B084A5A6002F18832C6
:106160005A601B6913F0800F03D100207047002094
:1061700070470120704700BF00200240230167459F
:10618000034A136943F0800313610020704700BF86
:106190000020024038B50446FEF7CAFE0546164BFD
:1061A000DB6813F0010F0AD0B4F1FF3FF7D024B140
:1061B000FEF7BEFE401BA042F1D903201BE00E4BB0
:1061C000DB6813F0200F02D00B4B2022DA600A4B61
:1061D000DB6813F0100F0BD1074BDB6913F0010FD5
:1061E00006D1054BDB6813F0040F01D1002002E05B
:1061F000FFF774FF012038BD002002402DE9F8436D
:106200001E46234B1B7E012B40D004460F46904672
:106210001F4B01221A764CF25030FFF7BBFF0346AA
:1062200070BB012C29D0022C24D04FF004091C464D
:106230004C4525D22101C1F12002A1F1200328FA09
:1062400001F106FA02F2114326FA03F3194389B267
:1062500007EB4400FFF734FF4CF25030FFF79AFF92
:106260000C4B1D6925F001051D61034640B9013441
:10627000E4B2DDE74FF00209D9E74FF00109D6E7B4
:10628000034A002111761846BDE8F8830223FAE795
:10629000080E002000200240064B0022DA61064B67
:1062A0001A6942F004021A611A6942F040021A6146
:1062B000704700BF080E002000200240064B00225D
:1062C000DA61064B1A6942F002021A6158611A69D2
:1062D00042F040021A617047080E00200020024080
:1062E000264B1B7E012B46D070B505460E46234B30
:1062F00001221A760368022B20D04CF25030FFF7AF
:1063000049FF90BB4FF0FF333360AC680121EA686E
:10631000AB6803EB8223A34228D92046FFF7CEFFC8
:106320004CF25030FFF736FF154A136923F0020391
:1063300013610146B8B904F58064E8E74CF25030C7
:10634000FFF728FF08B1012110E00120FFF7A4FFAB
:106350004CF25030FFF71EFF0146094A136923F043
:106360000403136102E0346000E00121034B0022CA
:106370001A76084670BD022108467047080E0020B4
:1063800000200240F0B482B000252C46A3E07F4FED
:10639000BB4210D007D97E4FBB420CD007F58037E7
:1063A000BB4208D013E0A7F58017BB4203D007F526
:1063B0007027BB4207D18B68002B58D0012B51D0DE
:1063C0004261082503E0A7F58017BB42F3D0FF2EFA
:1063D0004FD88446FF2E4FD8A200DCF800300F279C
:1063E000974023EA070305FA02F21343CCF8003082
:1063F0004B6813F0805F6DD0664B9A6942F00102E2
:106400009A619B6903F001030193019BA208971C09
:10641000614B53F8273004F00307BF004FF00F0C17
:106420000CFA07FC23EA0C0C5C4B98422AD003F5CB
:106430008063984200F08A8003F58063984200F000
:10644000878003F5806398421AD004231BE0CD684F
:10645000BDE7CD680435BAE7CD680835B7E7CD6844
:106460000C35B4E702610825B1E70025AFE7042544
:10647000ADE700F1040CADE7A4F108029200ACE72F
:10648000032300E00023BB4043EA0C030232424FE7
:1064900047F822304B6813F4801F5BD0404A936862
:1064A000334393604B6813F4001F59D03C4AD368C0
:1064B0003343D3604B6813F4003F57D0384A5368D6
:1064C000334353604B6813F4803F55D0344A13680C
:1064D0001E43166001340B6833FA04F252D00122D5
:1064E000A24003EA020632EA0303F3D14B68122BFF
:1064F0003FF64DAF122B3FF66AAF01A757F823F0D6
:10650000B76300084F640008596400086B64000812
:10651000CF630008CF630008CF630008CF63000893
:10652000CF630008CF630008CF630008CF63000883
:10653000CF630008CF630008CF630008CF63000873
:10654000CF630008536400085F64000801239AE7E2
:10655000022398E7124A936823EA06039360A1E7AF
:106560000F4AD36823EA0603D360A3E70C4A5368B3
:1065700023EA06035360A5E7094A136823EA0606DF
:106580001660A7E702B0F0BC704700BF0000221001
:1065900000003110001002400000014000080140DE
:1065A000000401408368194201D001207047002097
:1065B00070470AB10161704709040161704700002A
:1065C00082B0084B1B68084AA2FB03235B0A00FB4E
:1065D00003F3019300BF019B5A1E0192002BF9D1D6
:1065E00002B0704700000020D34D6210002800F078
:1065F000F18170B582B00446036813F0010F2CD00E
:10660000AA4B5B6803F00C03042B1DD0A74B5B68FF
:1066100003F00C03082B12D06368B3F5803F41D020
:10662000002B55D103F1804303F504331A6822F49B
:1066300080321A601A6822F480221A6037E09B4B7D
:106640005B6813F4803FE7D0984B1B6813F4003F5E
:1066500003D06368002B00F0BF81236813F0020FA2
:1066600075D0924B5B6813F00C0F5FD08F4B5B685B
:1066700003F00C03082B54D02369002B00F0898011
:106680008B4B01221A60FEF753FC0546874B1B68B3
:1066900013F0020F74D1FEF74BFC401B0228F5D912
:1066A00003209EE1814A136843F4803313606368DA
:1066B00043B3FEF73DFC05467C4B1B6813F4003FDB
:1066C000CBD1FEF735FC401B6428F5D9032088E1C7
:1066D000B3F5A02F09D0754B1A6822F480321A60E6
:1066E0001A6822F480221A60E1E703F18043A3F5DF
:1066F0003C331A6842F480221A601A6842F48032ED
:106700001A60D4E7FEF714FC0546684B1B6813F4C7
:10671000003FA2D0FEF70CFC401B6428F5D90320F3
:106720005FE1624B5B6813F4803FA5D15F4B1B6850
:1067300013F0020F03D02369012B40F04F815B4A15
:10674000136823F0F803616943EAC1031360236807
:1067500013F0080F32D0A369002B45D0554B01220E
:106760001A60FEF7E5FB0546504B5B6A13F0020F1B
:1067700021D1FEF7DDFB401B0228F5D9032030E1D3
:106780004A4A136823F0F803616943EAC1031360BE
:10679000DDE7474B00221A60FEF7CAFB0546434B74
:1067A0001B6813F0020FD2D0FEF7C2FB401B022879
:1067B000F5D9032015E10120FFF702FF236813F04C
:1067C000040F00F09780394BDB6913F0805F1DD117
:1067D000364BDA6942F08052DA61DB6903F08053AC
:1067E0000193019B012512E0324B00221A60FEF753
:1067F0009FFB05462D4B5B6A13F0020FDED0FEF7C0
:1068000097FB401B0228F5D90320EAE000252A4B1C
:106810001B6813F4807F11D0E368012B22D0002B7A
:1068200038D103F1804303F504331A6A22F00102E0
:106830001A621A6A22F004021A6218E01E4A1368E9
:1068400043F480731360FEF773FB06461A4B1B6814
:1068500013F4807FE0D1FEF76BFB801B6428F5D931
:106860000320BEE0114A136A43F001031362E36898
:1068700073B3FEF75DFB06460C4B1B6A13F0020F69
:1068800037D1FEF755FB801B41F288339842F3D98C
:106890000320A6E0052B11D0044B1A6A22F0010256
:1068A0001A621A6A22F004021A62E0E7001002403B
:1068B0000000424280044242007000404D4B1A6A80
:1068C00042F004021A621A6A42F001021A62CEE72A
:1068D000FEF72EFB0646474B1B6A13F0020F08D04B
:1068E000FEF726FB801B41F288339842F3D9032040
:1068F00077E0E5B9E369002B72D03E4A526802F0B6
:106900000C02082A56D0022B17D03B4B00221A60EB
:10691000FEF70EFB0446374B1B6813F0007F47D091
:10692000FEF706FB001B0228F5D9032059E0314A87
:10693000D36923F08053D361DCE72F4B00221A6028
:10694000FEF7F6FA05462B4B1B6813F0007F06D0C6
:10695000FEF7EEFA401B0228F5D9032041E0236A36
:10696000B3F5803F1AD023494B6823F47413226A8D
:10697000606A024313434B601F4B01221A60FEF70B
:10698000D7FA04461B4B1B6813F0007F0ED1FEF7AD
:10699000CFFA001B0228F5D9032022E0154A5368DC
:1069A00023F40033A1680B435360DCE7002018E0B8
:1069B000002016E0012B16D00E4B5B6803F48031EB
:1069C000226A914211D103F47013626A93420ED18C
:1069D000002006E001207047012002E0012000E0D5
:1069E000002002B070BD0120FBE70120F9E7012083
:1069F000F7E700BF00100240600042420F4B5B68A7
:106A000003F00C02082A01D00D487047C3F38342FB
:106A10000C498A5C13F4803F0BD0084B5B68C3F3CE
:106A200040430949CB5C064800FB02F0B0FBF3F0A1
:106A30007047064800FB02F0704700BF001002409C
:106A400000127A00684D0108784D010800093D00E8
:106A5000002800F0A08070B50D460446524B1B681C
:106A600003F007038B420BD24F4A136823F007034E
:106A70000B431360136803F007038B4240F08D80D3
:106A8000236813F0020F17D013F0040F04D0474A05
:106A9000536843F4E0635360236813F0080F04D095
:106AA000424A536843F460535360404A536823F0AA
:106AB000F003A1680B435360236813F0010F31D03A
:106AC0006368012B20D0022B25D0384A126812F0BF
:106AD000020F64D035494A6822F0030213434B6029
:106AE000FEF726FA0646314B5B6803F00C0362683A
:106AF000B3EB820F16D0FEF71BFA801B41F28833EE
:106B00009842F0D9032045E0284A126812F4003F69
:106B1000E0D101203EE0254A126812F0007FD9D171
:106B2000012037E0204B1B6803F00703AB420AD972
:106B30001D4A136823F007032B431360136803F007
:106B40000703AB422DD1236813F0040F06D0174A78
:106B5000536823F4E063E1680B435360236813F048
:106B6000080F07D0114A536823F46053216943EAA0
:106B7000C1035360FFF742FF0C4B5B68C3F3031381
:106B80000B4AD35CD8400B4B18600B4B1868FEF7D0
:106B90008BF9002070BD012070470120FAE7012029
:106BA000F8E70120F6E700BF002002400010024095
:106BB000D84401080000002008000020014B18689C
:106BC000704700BF0000002008B5FFF7F7FF044B37
:106BD0005B68C3F30223034AD35CD84008BD00BFFF
:106BE00000100240E844010808B5FFF7E7FF044B36
:106BF0005B68C3F3C223034AD35CD84008BD00BF1F
:106C000000100240E844010870B582B004460368F1
:106C100013F0010F34D03E4BDB6913F0805F47D196
:106C20003B4BDA6942F08052DA61DB6903F0805352
:106C30000193019B0125374B1B6813F4807F39D0EA
:106C4000334B1B6A13F4407311D0626802F4407234
:106C50009A420CD02E4A136A23F440702E49012622
:106C60000E6000260E60106213F0010F36D1284A24
:106C7000136A23F4407361680B431362002D3ED105
:106C8000236813F0020F06D0214A536823F44043CF
:106C9000A1680B435360236813F0100F34D01C4AD3
:106CA000536823F48003E1680B43536000202CE019
:106CB0000025C0E7174A136843F480731360FEF79A
:106CC00037F90646134B1B6813F4807FB8D1FEF7E3
:106CD0002FF9801B6428F5D9032016E0FEF728F968
:106CE00006460B4B1B6A13F0020FC0D1FEF720F9CA
:106CF000801B41F288339842F3D9032005E0D36921
:106D000023F08053D361BBE7002002B070BD00BF09
:106D100000100240007000404004424208B50228C2
:106D20004ED0102803D0012828D0002008BD2B4BBE
:106D30005A68186810F08070F8D0C2F3834328496D
:106D4000C85C12F4803F15D0244B5B68C3F340430A
:106D5000244AD25C244BB3FBF2F300FB03F01F4B3D
:106D60005B6813F4800FE1D14000204BA3FB00309F
:106D70004008DBE71E4B03FB00F0F0E7174B1B6AF4
:106D800040F202321A40B2F5817F24D003F44073FE
:106D9000B3F5007F04D0B3F5407F09D00020C5E7EC
:106DA0000E4A526A12F0020FF5D049F64040BDE794
:106DB0000A4B186810F40030B8D04FF22440B5E701
:106DC000FFF712FF054B5B68C3F3813301335B00B0
:106DD000B0FBF3F0AAE74FF40040A7E70010024031
:106DE0007C4D01088C4D010800127A00ABAAAAAABA
:106DF00000093D002DE9F04782B005468846174658
:106E00001E46FEF795F80A9B1B1A03EB0609FEF7D0
:106E10008FF882462A4B1B68C3F3CB3309FB03F37D
:106E200001932B689C6838EA04030CBF01240024FA
:106E3000BC4240D0B6F1FF3FF3D0FEF779F8A0EBAB
:106E40000A0048450AD2B9F1000F07D0019A02B1F1
:106E50004A46019B013B01939146E2E72A68536849
:106E600023F0E00353606B68B3F5827F0BD0AB6A0D
:106E7000B3F5005F14D0012385F85130002385F865
:106E80005030032018E0AB68B3F5004F02D0B3F5E3
:106E9000806FECD12A68136823F040031360E6E7A3
:106EA0002A68136823F4005313602A68136843F4B4
:106EB00000531360DFE7002002B0BDE8F08700BF99
:106EC0000000002070B582B006460C4615460092C0
:106ED0000B4601220221FFF78DFF48B9009523469A
:106EE000002280213046FFF785FF38B902B070BD1F
:106EF000736D43F0200373650320F7E7736D43F070
:106F0000200373650320F1E7002856D010B504462E
:106F1000436A33B94368B3F5827F05D00023C36168
:106F200002E00023036143610023A36294F851301F
:106F3000002B3CD0022384F851302268136823F0E0
:106F400040031360636803F48273A26802F404428E
:106F50001343E26802F400621343226902F0020262
:106F60001343626902F001021343A26902F4007242
:106F70001343E26902F038021343226A02F08002EE
:106F80001343A26A02F40052216813430B60638B1F
:106F9000226803F0040353602268D36923F400637A
:106FA000D36100206065012384F8513010BD84F85E
:106FB00050302046FBF7D2FDBCE7012070472DE999
:106FC000F04383B00446884691461F460A9DFDF76C
:106FD000AFFF064694F85130DBB26268012B0AD04D
:106FE000B2F5827F40F00581A268002A40F0058159
:106FF000042B40F00481B8F1000F00F00281B9F1D8
:10700000000F00F00081002F00F0FF8094F8503056
:10701000012B00F0FC80012384F8503094F85130AB
:10702000DBB2042B02D0052384F8513000236365C2
:10703000C4F83890E787A787C4F83080E786A7862A
:107040002364636423681A6812F0400F03D11A683E
:1070500042F040021A60E368B3F5006F11D0636834
:107060000BB1012F0BD1226B236812781A73236B9B
:1070700001332363E38E9BB2013B9BB2E38601277E
:1070800071E063680BB1012F0BD1226B236812886A
:10709000DA60236B02332363E38E9BB2013B9BB226
:1070A000E38601271BE023689A6812F0010F0ED0D7
:1070B000E28F92B25AB1DA68A36B1A80A36B0233E3
:1070C000A363E38F9BB2013B9BB2E3870127FDF7EC
:1070D0002FFF801BA84202D3B5F1FF3F1ED1E38EE4
:1070E0009BB21BB9E38F9BB2002B62D023689A68D6
:1070F00012F0020FD7D0E28E92B2002AD3D0002F26
:10710000D1D0226B1288DA60236B02332363E38EC3
:107110009BB2013B9BB2E3860027C4E7012384F8BE
:107120005130002384F85030032063E023689A68CC
:1071300012F0010F0ED0E28F92B25AB1DA68A36B4F
:107140001A70A36B0133A363E38F9BB2013B9BB225
:10715000E3870127FDF7ECFE831BAB4202D3B5F1B9
:10716000FF3F1ED1EDB1E38E9BB213B9E38F9BB20B
:10717000FBB123689A6812F0020FD7D0E28E92B268
:10718000002AD3D0002FD1D0226B12781A73236B30
:1071900001332363E38E9BB2013B9BB2E38600275E
:1071A000C4E7012384F85130002384F850300320D1
:1071B00020E0324629462046FFF784FE90B9A368B6
:1071C00033B901932368DA6801929B680193019BAC
:1071D000012384F85130002384F85030636D4BB1A3
:1071E000012007E020236365002384F8503001204C
:1071F00000E0022003B0BDE8F0830220FAE702209D
:10720000F8E70120F6E70120F4E70120F2E7022089
:10721000F0E7000070B4036A026A22F00102026221
:107220004668826922F073020C6844EA020523F082
:1072300002028B6813430D4CA04209D00B4CA042B4
:107240000DD0466085614A684263036270BC704736
:1072500023F00803CA68134323F00403EEE726F47F
:1072600040764A6932438E691643EAE7002C0140B2
:1072700030B4036A026A22F4807202624568C2690D
:1072800022F073020C68224323F400738C6843EAF3
:1072900004230F4CA04209D00D4CA0420ED04560F3
:1072A000C2614A68C263036230BC704723F4006362
:1072B000CC6843EA042323F48063EDE725F44055CA
:1072C0004C6945EA04158C6945EA0415E7E700BFF7
:1072D000002C014030B4036A026A22F48052026238
:1072E0004468C26922F4E6420D6842EA052223F4AA
:1072F00000538D6843EA0533074DA84206D0446029
:10730000C2614A680264036230BC704724F480445E
:107310004D6944EA8514F2E7002C014030B4036A59
:10732000056A25F001050562846924F0F00444EA49
:10733000021423F00A030B438461036230BC7047DC
:1073400030B4036A056A25F010050562846924F4E7
:10735000704444EA023423F0A00343EA0113846139
:10736000036230BC7047836823F070030B4343F023
:10737000070383607047000090F83D30DBB2012BBB
:1073800027D1022380F83D300268D36843F001031F
:10739000D3600368114A934210D0B3F1804F0DD0EF
:1073A000A2F59432934209D002F58062934205D04F
:1073B0001A6842F001021A60002070479A6802F0D1
:1073C0000702062A07D01A6842F001021A6000205C
:1073D0007047012070470020704700BF002C01401B
:1073E0007047000003681F4A90420AD0B0F1804FF6
:1073F00007D0A2F59432904203D002F58062904209
:1074000003D123F070034A681343164A90420AD00E
:10741000B0F1804F07D0A2F59432904203D002F52C
:107420008062904203D123F44073CA68134323F06F
:1074300080034A69134303608B68C3620B688362ED
:10744000084B98420AD001234361036913F0010FEE
:1074500003D0036923F00103036170470B690363E1
:10746000F1E700BF002C014040B310B5044690F88E
:107470003D30F3B1022384F83D30214651F8040B2E
:10748000FFF7B0FF012384F8463084F83E3084F8DB
:107490003F3084F8403084F8413084F8423084F83A
:1074A000433084F8443084F8453084F83D3000207F
:1074B00010BD80F83C30FBF723FDDBE7012070476F
:1074C00040B310B5044690F83D30F3B1022384F880
:1074D0003D30214651F8040BFFF784FF012384F867
:1074E000463084F83E3084F83F3084F8403084F8E9
:1074F000413084F8423084F8433084F8443084F8D2
:10750000453084F83D30002010BD80F83C30FFF756
:1075100067FFDBE70120704730B4036A026A22F09C
:10752000100202624468826922F4E6420D6842EA6F
:10753000052223F020038D6843EA05130E4DA8426F
:1075400009D00D4DA8420ED0446082614A68826322
:10755000036230BC704723F08003CD6843EA051313
:1075600023F04003EDE724F440644D6944EA8504C8
:107570008D6944EA8504E7E7002C014038B590F8AE
:107580003C30012B66D004460D46012380F83C3088
:107590000C2A5AD8DFE802F0075959591B59595992
:1075A0003059595944000068FFF734FE2268936946
:1075B00043F0080393612268936923F00403936105
:1075C0002268936929690B43936100203EE00068BB
:1075D000FFF7A2FF2268936943F400639361226876
:1075E000936923F48063936122689369296943EA6C
:1075F00001239361002029E00068FFF739FE22682B
:10760000D36943F00803D3612268D36923F00403EC
:10761000D3612268D36929690B43D361002015E047
:107620000068FFF757FE2268D36943F40063D36113
:107630002268D36923F48063D3612268D3692969FE
:1076400043EA0123D361002000E00120002384F8F5
:107650003C3038BD0220FCE710B4846824F47F4439
:1076600042EA03220A432243826010BC704790F82A
:107670003C30012B78D010B50446012380F83C3013
:10768000022380F83D300268936823F47F4323F09F
:10769000770393600B68602B4CD029D8402B54D0D3
:1076A0000CD9502B22D1CA6849680068FFF736FE12
:1076B00050212068FFF757FE002005E0202B0DD059
:1076C00009D9302B0AD00120012384F83D30002352
:1076D00084F83C3010BD0BB1102B05D11946206841
:1076E000FFF741FE0020EFE70120EDE70120EBE787
:1076F000B3F5805F34D0B3F5005F0CD1CB684A6836
:1077000089680068FFF7A8FF2268936843F4804304
:1077100093600020D8E7702B24D1CB684A68896831
:107720000068FFF799FF2268936843F0770393603E
:107730000020C9E7CA6849680068FFF701FE6021B8
:107740002068FFF710FE0020BEE7CA68496800689D
:10775000FFF7E4FD40212068FFF705FE0020B3E7B6
:107760000020B1E70120AFE70220704710B401F01C
:107770001F01012303FA01F4036A23EA04030362ED
:10778000036A02FA01F10B43036210BC7047000068
:1077900010B50446084651BB94F83E30DBB2013BBD
:1077A00018BF0123002B5BD1002839D1022384F8B4
:1077B0003E30012201462068FFF7D8FF23682A4A9D
:1077C00093423DD02368284A93423ED0B3F1804F84
:1077D0003BD0A2F59432934237D002F580629342B7
:1077E00033D01A6842F001021A60002039E00429FF
:1077F00008D008290DD094F84130DBB2013B18BF06
:107800000123CFE794F83F30DBB2013B18BF0123DF
:10781000C8E794F84030DBB2013B18BF0123C1E751
:10782000042805D0082807D0022384F84130C0E797
:10783000022384F83F30BCE7022384F84030B8E7E5
:107840005A6C42F400425A64BCE79A6802F007029C
:10785000062A07D01A6842F001021A60002000E0F0
:10786000012010BD0020FCE7002C014090F83C30C6
:10787000012B2BD030B4012380F83C30022380F858
:107880003D3003685C689D6824F070040A682243F8
:107890005A6003680E4A93420AD0B3F1804F07D072
:1078A000A2F59432934203D002F58062934204D150
:1078B00025F080054A6815439D60012380F83D301E
:1078C000002380F83C30184630BC704702207047D7
:1078D000002C0140026802F10C0353E8003F23F042
:1078E000C0030C3242E800310029F3D1202380F894
:1078F00041307047026802F10C0353E8003F23F463
:1079000090730C3242E800310029F3D1026802F191
:10791000140353E8003F23F00103143242E800311E
:107920000029F3D1036B012B05D0202380F84230CE
:10793000002303637047026802F10C0353E8003F21
:1079400023F010030C3242E800310029F3D1ECE7B8
:1079500090F84130DBB2212B01D0022070478368C0
:10796000B3F5805F17D0036A5A1C02621A78036865
:107970005A60C38C9BB2013B9BB2C3844BB9026873
:10798000D36823F08003D3600268D36843F04003D8
:10799000D360002070470369002BE4D1036A1B8881
:1079A0000268C3F308035360036A02330362E0E72B
:1079B00010B504460268136923F44053C1680B43B1
:1079C000136183680269134342691A430168CB68F3
:1079D00023F4B05323F00C031343CB6002685369C4
:1079E00023F4407381690B4353610268124B9A423E
:1079F0001FD0FFF7E9F800EB800303EB8303626815
:107A00009200B3FBF2F20D48A0FB02314909642356
:107A100003FB11231B013233A0FB03235B0903F09B
:107A2000F00202EB011203F00F03216813448B6094
:107A300010BDFFF7D9F8DEE7003801401F85EB5194
:107A40002DE9F04383B005460E4617469946DDF80A
:107A500028802C68246836EA04030CBF0124002423
:107A6000BC4228D1B8F1FF3FF3D0FDF761FAA0EB9B
:107A70000900404523D8B8F1000F22D02B68DA68FE
:107A800012F0040FE5D0802EE3D0402EE1D01A682A
:107A900012F0080FDDD0002401941A6801925B688F
:107AA0000193019B2846FFF725FF08236B6485F8A7
:107AB0004040012000E0002003B0BDE8F083032037
:107AC000FAE70320F8E760B310B5044690F84130B8
:107AD00013B3242384F841302268D36823F400537D
:107AE000D3602046FFF764FF2268136923F49043B4
:107AF00013612268536923F02A0353612268D36813
:107B000043F40053D36000206064202384F84130A4
:107B100084F84230606310BD80F84030FBF7EAFA29
:107B2000D7E7012070472DE9F04182B01E4690F85A
:107B30004130DBB2202B56D104460D469046002939
:107B400055D00AB901204FE000234364212380F877
:107B50004130FDF7EDF90746A4F82480A4F826800B
:107B6000A368B3F5805F02D04FF0000814E02369EA
:107B70002BB34FF000080FE0202384F8413003209E
:107B800032E038F8023B2268C3F308035360E28C0A
:107B900092B2013A92B2E284E38C9BB293B1009626
:107BA0003B46002280212046FFF74AFF0028E3D110
:107BB000002DE6D015F8012B23685A60E7E7A846A8
:107BC0000025E9E700963B46002240212046FFF7CA
:107BD00037FF18B9202384F8413005E0202384F8CA
:107BE0004130032000E0022002B0BDE8F081012016
:107BF000FAE72DE9F04182B01E4690F84230DBB240
:107C0000202B59D104460D469046002958D00AB978
:107C1000012052E000234364222280F842200363C3
:107C2000FDF786F90746A4F82C80A4F82E80A368F7
:107C3000B3F5805F02D04FF000081CE0236913B158
:107C40004FF0000817E0A846002514E0202384F830
:107C50004230032031E023685B68C3F3080328F84F
:107C6000023B03E023685B682B700135E28D92B222
:107C7000013A92B2E285E38D9BB2C3B100963B46D6
:107C8000002220212046FFF7DBFE0028DED1002D58
:107C9000E1D0A368B3F5805FE4D013B92369002B6A
:107CA000E0D023685B6803F07F032B70DDE72023BF
:107CB00084F84230002000E0022002B0BDE8F081EC
:107CC0000120FAE738B590F84130DBB2202B30D1F3
:107CD000044600292FD00AB9012038BD01628284F0
:107CE000C28400234364212084F84100A06B134D1B
:107CF0008562A06B124DC562A06B124D0563A06B2F
:107D0000436320681346021DA06BFEF78DF82368BD
:107D10006FF040021A60226802F1140353E8003F3A
:107D200043F08003143242E800310029F3D10020EF
:107D3000D3E70220D1E70120CFE700BFCF7D0008C5
:107D4000377E0008477E000810B5044603685A696C
:107D500090F84130DBB2212B0AD023685A6902F037
:107D6000400294F84230DBB2222B19D0002010BD23
:107D700002F08002002AF0D0226802F1140353E8D6
:107D8000003F23F08003143242E800310029F3D190
:107D9000A06B08B1FEF783F82046FFF79BFDDCE7F8
:107DA000002AE3D0226802F1140353E8003F23F0D5
:107DB0004003143242E800310029F3D1E06B08B1EE
:107DC000FEF76DF82046FFF795FDCFE7704708B541
:107DD0000346406A1B681B6813F0200F1AD100236A
:107DE000C384026802F1140353E8003F23F08003C8
:107DF000143242E800310029F3D1026802F10C0389
:107E000053E8003F43F040030C3242E800310029C0
:107E1000F3D108BDFFF7DAFFFBE708B50168CA68D0
:107E200022F04002CA60202280F84120FFF7CEFFF6
:107E3000002008BD704708B5406AFFF7FBFF08BD8A
:107E400070477047704710B5446A23685A6994F8C0
:107E50004130DBB2212B10D023685A6902F0400276
:107E600094F84230DBB2222B11D0636C43F0100344
:107E700063642046FFF7E6FF10BD02F08002002A8F
:107E8000EAD00023E3842046FFF724FDE4E7002A3C
:107E9000EBD00023E3852046FFF72CFDE5E708B58E
:107EA000406A0023C385C384FFF7CCFF08BD704739
:107EB00090F84230DBB2222B69D18368B3F5805F42
:107EC0004FD0826AB3F5805F04D0002B56D103698E
:107ED000002B53D103685B681370836A013383629C
:107EE000C38D9BB2013B9BB2C385002B51D100B522
:107EF00083B00268D36823F02003D3600268D3689C
:107F000023F48073D3600268536923F00103536143
:107F1000202380F8423000234363036B012B33D1CD
:107F200000230363026802F10C0353E8003F23F0CF
:107F300010030C3242E800310029F3D103681A68BB
:107F400012F0100F06D0002201921A6801925B68AD
:107F50000193019B818DFFF7AAFF002003B05DF81C
:107F600004FB0269002AACD1826A03685B68C3F330
:107F700008031380836A02338362B1E703685B6896
:107F800003F07F031370A8E7FFF75AFFE5E702202D
:107F9000704700207047000030B583B00446026887
:107FA0001368D068516913F00F0505D113F0200F45
:107FB00002D010F0200F19D12DB111F0010119D10B
:107FC00010F4907F16D1216B01297DD013F0800F22
:107FD00003D010F0800F40F0188113F0400F03D051
:107FE00010F0400F40F0158103B030BD2046FFF780
:107FF0005FFFF9E713F0010F06D010F4807F03D084
:10800000626C42F00102626413F0040F04D019B1F3
:10801000626C42F00202626413F0020F04D019B1E4
:10802000626C42F00402626413F0080F07D010F093
:10803000200F00D119B1626C42F008026264626CD8
:10804000002AD1D013F0200F02D010F0200F29D138
:1080500023685B6903F04003626C12F0080F00D1E3
:1080600063B32046FFF746FC23685B6913F0400FBB
:1080700020D0226802F1140353E8003F23F04003AC
:10808000143242E800310029F3D1E36B73B1634A43
:108090005A63E06BFDF726FF0028A5D0E06B436B29
:1080A0009847A1E72046FFF703FFD1E72046FFF7F7
:1080B000C9FE99E72046FFF7C5FE95E72046FFF782
:1080C000C1FE002363648FE713F0100F3FF47EAF0F
:1080D00010F0100F3FF47AAF00230193136801935F
:1080E00053680193019B536913F0400F51D0E26B29
:1080F00013685B689BB2002B3FF476AFA18D994269
:108100007FF672AFE3859369202B37D0226802F1A6
:108110000C0353E8003F23F480730C3242E8003133
:108120000029F3D1226802F1140353E8003F23F041
:108130000103143242E800310029F3D1226802F130
:10814000140353E8003F23F04003143242E80031A7
:108150000029F3D1202384F84230002323632268CE
:1081600002F10C0353E8003F23F010030C3242E805
:1081700000310029F3D1E06BFDF791FE0223636328
:10818000A18DE38D9BB2C91A89B22046FFF78FFEFD
:108190002AE7A18DE38D9BB2C91A89B2E38D9BB208
:1081A000002B3FF421AF00293FF41EAF226802F1FB
:1081B0000C0353E8003F23F490730C3242E8003084
:1081C0000028F3D1226802F1140353E8003F23F0A2
:1081D0000103143242E800300028F3D1202384F850
:1081E000423000232363226802F10C0353E8003F6E
:1081F00023F010030C3242E800300028F3D10223B0
:1082000063632046FFF753FEEEE62046FFF7A0FB30
:10821000EAE62046FFF701FEE6E600BF9F7E000883
:1082200008B5406A01234363036B012B02D0FFF7BB
:1082300008FE08BD818D4908FFF739FEF9E708B54A
:108240000346406A1B681B6813F0200F2BD10023E4
:10825000C385026802F10C0353E8003F23F48073E6
:108260000C3242E800310029F3D1026802F1140314
:1082700053E8003F23F00103143242E800310029A3
:10828000F3D1026802F1140353E8003F23F04003E6
:10829000143242E800310029F3D1202380F8423023
:1082A000036B012B07D000234363036B012B0FD01B
:1082B000FFF7C6FD08BD026802F10C0353E8003F5A
:1082C00023F010030C3242E800310029F3D1EAE731
:1082D000818DFFF7ECFDEDE730B583B00446134622
:1082E0008162828500254564222280F84220C26B8B
:1082F0001F489062E26B1F48D062E26B1E48106319
:10830000E26B556320680A46011DE06BFDF78CFDAA
:10831000019523681A6801925B680193019B2369A8
:108320005BB1226802F10C0353E8003F43F4807311
:108330000C3242E800310029F3D1226802F1140323
:1083400053E8003F43F00103143242E800310029B2
:10835000F3D1226802F1140353E8003F43F04003D5
:10836000143242E800310029F3D1002003B030BDBF
:108370003F82000821820008477E000808B590F877
:108380004230DBB2202B08D149B10AB9012008BD27
:1083900000230363FFF7A0FFF9E70220F7E70120BE
:1083A000F5E70000014B1954704700BF280E00206C
:1083B00008B54FF4806202490248F9F7DDFD08BDB7
:1083C00000FC0108280E002030B587B0002301937F
:1083D000029301230393124A04920593FDF7B6FE1C
:1083E00008B107B030BD0F4B3422DA6001A902A8F2
:1083F000FDF776FF80B90A4C00250B4B9C420BD849
:108400000A4B2B44D3E9002321460320FDF7F6FE57
:1084100010B908340835F0E7FDF7B2FEE1E700BF18
:1084200000FC010800200240FFFF0108280E002088
:1084300030B587B00546FDF789FE0024AB68A3423E
:1084400016D9002302932B6803EB842304930123A2
:10845000059301A902A8FDF743FF4FF0FF30FDF798
:1084600099FE054A136923F0020313610134E5E71D
:10847000FDF786FE07B030BD0020024010B504466F
:10848000FDF764FE2368E36010BD08B5FDF778FED4
:1084900008BDF8B51646C26803689A4219D3054666
:1084A0000F4602EB460241680B449A4211D8002461
:1084B00000E00134B4420CD237F814200023E968FC
:1084C0000120FDF79BFE0028F3D1EB680233EB603F
:1084D000EFE7F8BD054B196808331B681944044BD6
:1084E000588840EA0140090C704700BFE8F7FF1FB9
:1084F000ECF7FF1F08B5054B1860054B1868002303
:1085000002221946806801F0EBFE08BD2812002007
:1085100054000020022801D80120704708B501F05E
:108520001FFB09230360002008BD0000013801285B
:108530000AD810B514464FF0FF3392B204480068D1
:10854000FFF7F1FA204610BD4FF0FF30704700BF33
:1085500028120020022801D80020704708B501F039
:10856000FFFA092303604FF0FF3008BD08B501F0A2
:10857000F7FA092303604FF0FF3008BD08B548B98A
:108580004FF0FF33012208480068FFF732FB40B983
:10859000012008BD01F0E4FA092303604FF0FF3029
:1085A000F7E70520F5E700BF2812002008B50228EC
:1085B00004D84FF400534B60002008BD01F0D0FAFE
:1085C00009230360F8E7000008B5012903D0022958
:1085D0000BD0002008BD4FF480510848FDF7E2FFA2
:1085E000012814BF00200120F4E704210348FDF70F
:1085F000D9FF012814BF00200120EBE7000C014047
:1086000008B5026812680179904780F00100C0B295
:1086100008BD000008B50248FFF730FF08BD00BFE5
:108620000C00002008B50248FFF72FFF08BD00BF6F
:108630000C00002008B50248FFF7FAFE08BD00BF95
:108640000C00002000B583B0ADF8061001220DF13A
:1086500006010348FFF71DFF03B05DF804FB00BFF0
:108660000C00002008B513460A4611B1012908D0B4
:1086700008BD03B901224FF400510648FDF799FFE8
:10868000F6E703B100224FF480410248FDF791FF65
:10869000EEE700BF0010014008B5FAF739FA08BD4F
:1086A00030B587B0ADF80E10094C4FF40045656148
:1086B0004FF0FF33009301230DF116020DF10E016F
:1086C0000448FEF77CFC2561BDF8160007B030BDFC
:1086D00000080140300B0020034B1B688908196417
:1086E0009208DA63704700BFD40B002039B1084B01
:1086F000202119613AB1064B10221A617047044BD0
:1087000020215961F6E7024B10225A61704700BFE1
:108710000008014039B1084B082119613AB1064BF4
:1087200004221A617047044B08215961F6E7024B95
:1087300004225A61704700BF0008014030B587B07D
:1087400000240294039404940594134B9A6942F014
:1087500004029A619A6902F004020092009A9A69EE
:1087600042F008029A619B6903F008030193019BA0
:108770000A4D22463C212846FDF71BFF3C2302936D
:108780000123039304940323059302A92846FDF7CC
:10879000F9FD07B030BD00BF0010024000080140E5
:1087A00008B5FAF73FFC08BD08B5022802D0032837
:1087B00004D008BD0B4B01221A71FAE70A4801F0F8
:1087C00075FD0A4BD3F848315A793AB10849CA6065
:1087D00000221A71074B00221A60EAE7044A127B52
:1087E0001A71F7E798120020CC4E010810160020ED
:1087F0002C1200201418002008B5022802D00328EB
:1088000024D008BD164BD3F848014379013B062B11
:10881000F7D801A252F823F0458800083D880008E7
:108820003588000803880008458800083D8800084E
:10883000358800080021FBF79FFAE2E70021FBF7EB
:1088400031FADEE70021FBF7C9F9DAE7054801F064
:108850002DFD034BD3F84801FBF79BFAD1E700BF8E
:1088600010160020D44E0108012800D070474FF6A2
:10887000FF739942FAD12DE9F047A34C4FF0C80A93
:10888000C4F800A04FF4807363604FF448439846E7
:10889000A360002504F124096C222946484601F012
:1088A00047FC44F62063C4F890303223C4F8943077
:1088B000C4F8985004F19006C4F89C60C4F8A05025
:1088C000C4F8A450C4F8A850C4F8AC50C4F8B060C0
:1088D000C4F8B450C4F8B850C4F8BC50C4F8C05080
:1088E000C4F8C450C4F8C860C4F8CC50C4F8D05020
:1088F0000023C4F8D430C4F8D850C4F8DC50C4F80D
:10890000E050C4F8E450C4F8E850C4F8EC50C4F89F
:10891000F050C4F8F460C4F8F850C4F8FC50C4F83F
:108920000051C4F80451C4F80851C4F80C51C4F8FB
:108930001051C4F81461C4F81851C4F81C51C4F89B
:108940002051C4F824A184F82851C4F82C51C4F84B
:108950003051C4F83451C4F83851C4F83C51C4F80B
:108960004051C4F8445104F5AA73C4F84831C4F81E
:108970004C51C4F85051C4F8545184F85A5184F8F9
:108980005B51C4F86051C4F86451C4F86851C4F82C
:108990006C51C4F87051C4F87451C4F87851C4F8DB
:1089A0007C51C4F88051C4F88451C4F88851C4F88B
:1089B0008C51C4F89051C4F89451C4F89851C4F83B
:1089C0009C5184F8A05184F8A151C4F8A451C4F872
:1089D000A851C4F8AC5184F8B05184F8B15184F86E
:1089E000B251C4F8B451C4F8B851C4F8BC5184F8B9
:1089F000C051C4F85C4184F8585184F85951E5607D
:108A00004FF4FA6323614FF47A7767612362434638
:108A10004FF01E0808FB03F2A261642202FB03F37D
:108A2000E36184F88C5030222946484601F080FBEF
:108A30000523A362C4F82C803822294604F154008F
:108A400001F076FBC4F854A05023A3654FF496734D
:108A5000E365FA23236604F10C013046FAF791FF2F
:108A60004946D4F84801FBF76AFA284B5D601D813E
:108A7000C3F80A50DD81264A1A60264B5D601D81CD
:108A80004FF48042DA601D619D82234A9A61234A35
:108A90001A60234EF5822022294606F1180001F0C3
:108AA00047FB4FF4C9784246294606F1380001F0E9
:108AB0003FFB4246294606F5E57001F039FBB460FC
:108AC0003571357375733561C6F85C53C6F86053FC
:108AD000C6F86453134B3360134B01221A715D7156
:108AE0009D60DD601F615D61104A1A60104B0221BC
:108AF00019715D719D60DD6040F6B83119615D618D
:108B00001A60BDE8F08700BF101600201C18002076
:108B1000A44E0108D4170020007C0108704E010803
:108B200098120020104E010864120020C44D010864
:108B30007C120020F0B583B0FFF7CCFC774D4FF4EA
:108B400080712846FDF72EFDB0FA80F464094FF4D9
:108B500000712846FDF726FD002840F09180022391
:108B60001C434FF480616D48FDF71CFD002840F068
:108B700089800425254300238DF8043001238DF8D6
:108B80000630674B1B78012B1FD0664B9B681E2756
:108B900007FB03F7642606FB03F6614C382200212D
:108BA000204601F0C5FA012323706560E3604FF4AD
:108BB000FA6323616761A661E361236278236362DC
:108BC000C823A3624FF49673E362554D012385F8E1
:108BD0003630AB68534CE3602B6963616B69A3610A
:108BE000A969E16104F1AC00FAF763FCA96904F139
:108BF000C000FAF7BBFCEB6923612B6A63656B6A03
:108C0000A365AB6AE365EB6A236695F8353084F8B3
:108C10008C3045492046FAF7CCFE44492046FAF705
:108C2000C5FED4F84801FBF72BF9D4F850010368CE
:108C30001B689847D4F84C0103681B6898473C4C64
:108C40003C492046FCF74DF83B493C48FCF749F8C5
:108C50006420FCF773F93A48FEF78EFB3948FEF7BB
:108C60008BFB3948FEF788FB2046FFF7C9FC40B371
:108C70003248FFF7C5FC20B3344B01221A7120E0C3
:108C800000236DE7002575E7254B01221A709DF83A
:108C900004306BB13826224C00257EB114F8011B3C
:108CA0002846FFF77FFB013EB6B20135ADB2F4E7CF
:108CB000FFF77EFB01238DF80430EBE79DF80630CB
:108CC000CBB92248FBF736FE154B1B78022BDBD0C5
:108CD000002BF6D19DF8043083B13826104C0025C6
:108CE00096B114F8011B2846FFF75CFB013EB6B2B3
:108CF0000135ADB2F4E7FFF767FBE2E7FFF758FB9A
:108D000001238DF80430E8E79DF8063013B9FDF72C
:108D100017F8D6E7FFF758FBF9E700BF0008014056
:108D20002C120020101600201C180020D417002040
:108D300064120020A9870008F98700087C1200202F
:108D40001C0C00208C0B0020640C002098120020CA
:108D50002DE9F843284B1B686FF001021A61274C7C
:108D60000021D4F84801FAF7B0FFDFF8B490C9F851
:108D70000000D4F84801FAF7C8FFDFF8A880C8F867
:108D80000000D4F84801FAF7D9FF1D4F3860D4F835
:108D90004801FAF7E2FF1B4E3060D4F84801FAF7B9
:108DA000C3FF1949F7F79EFF0546184C184920687C
:108DB000F7F798FF01462846F7F78CFE154D286017
:108DC0001549D9F800300B60D8F800304B603B688B
:108DD0008B603368CB60086100230B754B75802373
:108DE0008B757F23CB7518220C48FEF76BFF2B6821
:108DF0002360BDE8F88300BF1C0C00201016002083
:108E0000081600200C160020CDCCCC3D0416002006
:108E10006666663F00160020FC170020380D002013
:108E2000181800202C180020F8B5254B1B686FF08F
:108E300001021A610A212348FBF72DFF0A2122486B
:108E4000FBF729FF214BD3F848319A790A212048B2
:108E5000FBF751FF1F4A1368013313601E4A126863
:108E6000002A04DC1D4A136801331360F8BD1C4A54
:108E7000A2FB0312D2094FF4C87101FB1232194B45
:108E800053F82250184B53F82270104BD3F8486116
:108E90009868F7F7D3FE04462946F7F723FF0546FF
:108EA00039462046F7F71EFFF8F7F8F8044628463B
:108EB000F8F7F4F8014622463046FAF7FCFED1E70F
:108EC0008C0B0020641200207C1200201016002061
:108ED0001C000020141800203018002094120020DC
:108EE0001F85EB5134180020741E002008B5084B74
:108EF0001B686FF001021A61064B1B791BB1054814
:108F0000FBF71EFB08BD0448FBF7EAFAFAE700BFCF
:108F1000640C0020981200201016002008B54FF6AF
:108F2000FF710120FFF7A0FC08BD00002DE9F04310
:108F300083B00C4601387E2800F28A80DFE810F00A
:108F40007F008D009100AA00CB00100154019E010A
:108F500088008800880088008800880088008800D1
:108F6000F901050218022F025502650276028402F9
:108F70009202A002AE028800880088008800880063
:108F8000C202E302040326033C0388008800880031
:108F90008800880088008800880088008800880091
:108FA0008800880088008800880088008800880081
:108FB0008800880088008800880088008800880071
:108FC0008800880088008800880088008800880061
:108FD0008800880088008800880088008800880051
:108FE0008800880088008800880088008800880041
:108FF0008800880088008800880088008800880031
:109000008800880088008800880088008800880020
:109010008800880088008800880088008800880010
:109020008800880088008800880088008800880000
:1090300088008800880088005E0363036703AA4BEA
:109040001B68012B07D00022A84BD3F848311A71B6
:1090500003B0BDE8F0830222F6E7A54B01221A71A6
:10906000F6E7A24BD3F848014379032B0ED19F4B6F
:10907000D3F848419C4B18689E49F7F733FEF8F740
:109080000DF801462046FAF777FEE1E70321FAF7EB
:10909000A3FDECE7954BD3F848014379022B12D19D
:1090A000924BD3F84841904A15689868F7F7C6FD87
:1090B00001462846F7F716FEF7F7F0FF014620466F
:1090C000FAF7F0FDC4E78C4B5A69884B9A6102218C
:1090D000FAF782FDE4E7854BD3F848014379012B89
:1090E0001DD1824BD3F848517F4A16689868F7F72C
:1090F000A5FD01463046F7F7F5FDF7F7CFFF01462E
:109100002846FAF76BFD2379002BA1D00021774B7D
:10911000D3F84801FAF7D9FD019000230BE0764B14
:109120005A69724B9A610121FAF756FDD9E701AAF3
:10913000D25CE2540133032BF9DD6C4BD3F8483198
:109140009B79012B00D0002323716B4B5B68DB0103
:1091500043F02303694803602146F9F7ABFB77E747
:10916000624BD3F848014379012B20D15F4BD3F8F0
:1091700048615D4D2F689868F7F760FD01463846F5
:10918000F7F7B0FD6D68F7F789FF01462A463046CC
:10919000FAF72AFD2379002B3FF45AAF0021534BF5
:1091A000D3F84801FAF791FD0190002307E001216F
:1091B000FAF712FDDAE701AAD25CE2540133032B7D
:1091C000F9DD4A4BD3F848319B79012B00D00023BD
:1091D0002371494B5B68DB0143F02303474803607D
:1091E0002146F9F767FB33E7404BD3F84801437951
:1091F000012B22D13C4FD7F804803C4DA868F7F7EB
:109200001DFD064601464046F7F76CFDF7F746FFA1
:10921000A861D5F8488139683046F7F763FDF7F75C
:109220003DFF01464046FAF7D9FC0021D5F8480138
:10923000FAF74BFD019000230BE02F4B5A692B4BA3
:109240009A610121FAF7C8FCD4E701AAD25CE25482
:109250000133032BF9DD254BD3F848319B79012BE2
:1092600000D000232371244B5B68DB0143F0230310
:10927000224803602146F9F71DFBE9E61B4BD3F8B2
:1092800048014379042B27D1184ED6F84891DFF8CE
:109290005880D8F80070B068F7F7D0FC0546014652
:1092A0003846F7F71FFD0746D8F804102846F7F7A9
:1092B00019FDF7F7F3FE05463846F7F7EFFE0146CE
:1092C0002A464846FAF7F7FC0021D6F84801FAF793
:1092D000FCFC0190002317E0074B5A69034B9A618D
:1092E0000421FAF779FCCFE7C80A00201016002005
:1092F0009812002000007A442C1200203800002030
:1093000001AAD25CE2540133032BF9DDAB4BD3F855
:1093100048319B79012B00D000232371A84B5B6857
:10932000DB0143F02303A74803602146F9F7C2FAA3
:109330008EE6A54B1A68A24B5A600B79002B3FF4BE
:1093400087AE9F4B02221A7082E69F4B18689F4996
:10935000F7F7C8FCF7F7A2FE984B5861984B1861D5
:109360002379002B3FF474AE954B02221A706FE6FE
:10937000954B1E68914DA868F7F760FC0146304692
:10938000F7F7B0FCF7F78AFEA8618D4B5861237997
:10939000002B3FF45DAE8A4B02221A7058E68A4BCE
:1093A0001E68864DA868F7F749FC01463046F7F776
:1093B00099FC0190F7F772FE0146E86105F1AC00F7
:1093C000FAF777F80198F7F769FE014605F1C00052
:1093D000FAF7CCF8EA697A4B9A612379002B3FF4CB
:1093E00037AE774B02221A7032E6744CD4F848013B
:1093F000FAF79AFDE168A26891FBF2F302FB1313FE
:109400006F4A93600223137022E66F4B1B68012B97
:1094100014BF002301236A4A82F834300B79002BF1
:109420003FF416AE134602221A7011E6664B1B6813
:10943000624A5365624A13620B79002B3FF408AE0F
:10944000134602221A7003E65F4B1B685B4A936562
:109450005B4A53620B79002B3FF4FAAD13460222AC
:109460001A70F5E5584B1B68544AD365544A936209
:109470000B79002B3FF4ECAD134602221A70E7E59E
:10948000514B1B684D4A13664D4AD3620B79002B32
:109490003FF4DEAD134602221A70D9E54A4B1B6831
:1094A000012B14BF00230123444A82F88C30444A24
:1094B00082F835300B79002B3FF4CAAD13460222F7
:1094C0001A70C5E53D4BD3F84801FAF72DFC019021
:1094D000002303E001AAD25CE2540133032BF9DD3F
:1094E000364BD3F848319B79012B00D000232371F0
:1094F000334B5B68DB0143F02103324803602146B4
:10950000F9F7D8F9A4E52D4BD3F84801FAF7FDFB9C
:109510000190002303E001AAD25CE2540133032B43
:10952000F9DD264BD3F848319B79012B00D000237D
:109530002371234B5B68DB0143F022032148036066
:109540002146F9F7B7F983E500211C4BD3F8480110
:10955000FAF7BBFB0190002303E001AAD25CE254BE
:109560000133032BF9DD154BD3F848319B79012BDF
:1095700000D000232371124B5B68DB0143F023030F
:10958000104803602146F9F795F961E50B4BDB685C
:109590000093002303E01DF80320E2540133032B62
:1095A000F9DD074B5B68DB0143F0240305480360EA
:1095B0002146F9F77FF94BE500230DE01016002056
:1095C0002C12002038000020C80A002000007A4435
:1095D000104A9A5CE2540133032BF9DD0023237116
:1095E0006371A371E3710C4B5B68DB0143F02503EE
:1095F0000A4803602146F9F75DF929E5064B012287
:1096000083F8362024E5044B00221A7020E5FCF78D
:1096100097FB1DE55C1200202C1200203800002072
:1096200010B584B00378633B132B13D8DFE803F045
:109630000A1212121212121212121212125A1212CA
:10964000127E123003AA4A4900F066FF002803DDAB
:10965000012805D004B010BD464800F027FEF9E708
:10966000454BD3F848014379032B0DD1424BD3F836
:10967000484142490398F7F735FBF7F70FFD0146DC
:109680002046FAF779FBE5E70321FAF7A5FAEDE7BB
:1096900001AA3B4900F040FF002817DD0128D9D17D
:1096A000354BD3F848014379022B13D1324BD3F811
:1096B00048419868F7F7C2FA0199F7F713FBF7F7F3
:1096C000EDFC01462046FAF7EDFAC3E7294800F021
:1096D000EDFDBFE72B4B5A69274B9A610221FAF740
:1096E0007BFAE3E702AA284900F016FF002819DDFB
:1096F0000128AFD1204BD3F848315A79012A01D043
:1097000001221A711C4BD3F848419868F7F796FA72
:109710000299F7F7E7FAF7F7C1FC01462046FAF796
:109720005DFA97E7134800F0C1FD93E701AB02AA89
:10973000164900F0F1FE012815DD02288AD1144AED
:1097400013681449029841F823001349019841F81D
:10975000230001331360B3F5C87F7FF47BAF13465A
:1097600000221A6076E7034800F0A0FD72E700BF10
:10977000DC4E0108E44E01081016002000007A4477
:10978000044F01082C1200200C4F0108144F01084F
:109790003018002034180020741E002070B51023EB
:1097A0000024066884B01546CDE9023412686B4681
:1097B000B66900948DF80440B0479DF8043003F07A
:1097C0000603062B09BF01202046009B2B6004B036
:1097D00070BD00BF0098904214BF01200620704762
:1097E00010B50446024B036000F0E8F8204610BDB7
:1097F000544F010810B50446044B036000F0DEF836
:109800002046082100F04AF8204610BD544F0108B8
:109810002DE9F041069F089990468F421D46044667
:10982000099E0CD02946204600F0CCF820B1012337
:10983000376086F80480B3710020BDE8F081079995
:1098400000F0C0F80028EDD0002086F80580BDE8C3
:10985000F08100BF38B515461C4600F0B3F800B9DA
:1098600038BD082206232560E260237138BD00BFA1
:109870002DE9F04116461D4607460C4600F0A2F8B9
:1098800048B9032D07D82368324639462046BDE83B
:10989000F0415B691847BDE8F08100BF00F0A8B84F
:1098A00010B50446024B0360FFF79AFF204610BD37
:1098B000B44F010810B50446044B0360FFF790FF56
:1098C00020460C21FFF7EAFF204610BDB44F0108E7
:1098D00070B582B0069E0D469642044609D0A06837
:1098E000294604680696246AA44602B0BDE8704082
:1098F000604719460192009300F064F8DDE90032F8
:109900000028ECD0062002B070BD00BF2DE9F04F5A
:109910000D4681B01946DDE90A8BDDE90CA91C462C
:109920001646074600F04EF880B9D04527D0B868F3
:1099300023460468CDE90CA9CDE90A8BE4693246D7
:109940002946A44601B0BDE8F04F6047002DC9F894
:10995000008089F804600CDB4544AA450CBF4FF039
:10996000060A4FF0010A89F806A0002001B0BDE800
:10997000F08F0235F9D1012389F80630F5E7594611
:10998000384600F01FF80028D1D089F80560ECE7D0
:109990002DE9F04106460F4614461D46FFF75AFFD3
:1099A00048B9B0682B4605682246AC693946A446DA
:1099B000BDE8F0416047BDE8F08100BF704700BFDF
:1099C00000207047814211D008B5406803782A2BE7
:1099D0000AD049680B782A2B08BF0131F8F742FBFF
:1099E000B0FA80F0400908BD002008BD0120704792
:1099F00000F0E8B8F0B58BB0044600F04DF8244B09
:109A0000054693F900707B1C0AD021462046F7F7E3
:109A10002FFB064620B900212046F7F701FB10B9BD
:109A200028460BB0F0BD01221A4B2046CDE9002399
:109A30000896F6F7F1FC00220023CDE90401CDE9F8
:109A40000201AFB110461946F6F768FE022FCDE9C4
:109A500006010FD100F084F821230360089B8BB925
:109A6000DDE90601F6F7E0FF054628460BB0F0BD3C
:109A7000CDE90623684600F063F80028EAD0089B89
:109A8000002BEDD000F06CF8089B0360E8E700BF06
:109A900050000020F04F010820F00042B2F1FF4FCB
:109AA000F8B504462FD26AB3002803463DDB10F018
:109AB000FF4F4FEAE0542DD00026E207A4F17F00CB
:109AC00031464FF019044FF08072C3F3160343F48C
:109AD000000358BF5B0047105B008D189D4202DCFD
:109AE0005B1BA9181644013C4FEA43034FEA52029C
:109AF000F3D113B1013626F00106701000F17C504D
:109B000000EBC750F8BD0146F7F7ECF82146F6F731
:109B1000E1FFF8BD10F400020ED15B0018021146FF
:109B200002F10102F9D5641AC6E70146F6F7D0FF43
:109B30000146F7F78BF9F8BD4FF0FF31F3E700BFAF
:109B40000020704700200149704700BF0000F87FE7
:109B5000062008B500F0C0FC0120F9F7FBF800BFB3
:109B6000014B1868704700BF5400002070B50D4EBF
:109B70000D4D761BB61006D0002455F8043B013479
:109B80009847A642F9D1094E094D0AF097FC761B79
:109B9000B61006D0002455F8043B01349847A6427D
:109BA000F9D170BD345701083457010840570108F6
:109BB00034570108024B0146186800F00BB800BF8B
:109BC00054000020024B0146186805F0F3B800BFAE
:109BD000540000202DE9F04F01F10B05162D06462B
:109BE00083B024D8102900F2B68000F0F1FA1025D5
:109BF00002201823DFF8E88443445C68A3F10802DC
:109C0000944200F0B4806368E16823F003032344C6
:109C10005A68A56842F00102E96030468D60083458
:109C20005A6000F0DBFA204603B0BDE8F08F35F053
:109C3000070500F19080A94200F28D8000F0C8FA7B
:109C4000B5F5FC7FC0F085816B0A00F08B80042B9A
:109C500000F25B81AB0903F1390003F13807C10061
:109C6000DFF87C8441444C680839A14206D10CE0FD
:109C7000002A80F22281E468A14206D0636823F0C2
:109C800003035A1B0F2AF3DD3846D8F81040DFF8DB
:109C900054C4644577D0626822F00302531B0F2B33
:109CA00000F36581002BC8E904CC80F25681B2F53F
:109CB000007F80F006810121D30852090B4401FA8C
:109CC00002F2D8F8041058F8337008EBC30E0A43B8
:109CD000AEF10801C4E90271C8F8042048F8334025
:109CE000FC60012183109940914253D8114206D162
:109CF00020F003004900114200F10400FAD008EB03
:109D0000C0094C468646E768BC4207D109E1002BF2
:109D100080F21081FF68BC4200F003817A6822F073
:109D20000302531B0F2BF2DD45F0010E3046D7E93D
:109D300002413D4443F00106C7F804E0E1608C6055
:109D4000C8E90455C5E902CC6E60BB5000F046FA84
:109D500007F1080402E00C2300243360204603B01E
:109D6000BDE8F08F4FF4007140203F2778E7DC68B2
:109D7000A34208BF02307FF446AFD8F81040DFF8A6
:109D800064C3644587D10121D8F804208310994029
:109D90009142ABD9D8F80840676827F00307BD4265
:109DA00002D87B1B0F2B77DCDFF83C93C84BD9F82C
:109DB00000201B6801322B4404EB070A00F02481C9
:109DC00003F580530F3323F47F6B2BF00F0B5946B1
:109DD000304600F073FA411C024600F0E1808245F3
:109DE00000F2DC80BB4B196859440846196000F04A
:109DF0004181D9F80010019301311BBFA2EB0A0A7F
:109E00005044C9F80020186012F0070A00F00A81D7
:109E1000CAF108010A44CAF5805193440831A1EB04
:109E20000B01C1F30B0949463046009200F046FA97
:109E3000421CDDE9002300F04381801A00EB090B8E
:109E400019684BF0010049444445C8F808201960DE
:109E5000506000F01C810F2F40F21B814FF0050C69
:109E600060680C3F27F0070700F00100384304EB5F
:109E7000070E0F2F6060CEE901CC00F23781144647
:109E80005068954B1A688A4238BF1960934B1A681C
:109E90008A4238BF196086E045F0010243F00103B1
:109EA000254462603046C8F8085008346B6000F002
:109EB00095F9204603B0BDE8F08F23445A68E16865
:109EC000A7E6B2F5206F4FEA522361D3142B00F2BC
:109ED000BA8003F15C01C9005B3308EB010758F855
:109EE0000110083F8F4200F092804B6823F003037B
:109EF000934202D989688F42F7D1CF68D8F80420FD
:109F0000C4E90217BC60CC60EBE6142B59D9542B82
:109F100000F2A1802B0B03F16F0003F16E07C1006B
:109F20009EE60EF1010E1EF0030F04F108047FF40B
:109F3000EAAE51E03C463A445368F96854F8085F89
:109F400043F0010353603046E9608D6000F046F94C
:109F500004E7E80805F108034CE62244536830465C
:109F600043F001035360083400F038F9F6E645F099
:109F7000010743F00101254467603046C8E90455F4
:109F8000C5E902CC6960A35000F028F90834E5E681
:109F9000930903F13901C90038339EE7444564D081
:109FA000D8F80840606820F0030B5D45ABEB050373
:109FB00002D80F2B3FF770AF304600F00FF90024A6
:109FC000CCE603F15C0003F15B07C10048E659F8F9
:109FD00008394B4540F0A98010F0030F00F1FF3025
:109FE000F5D1D8F8043023EA0103C8F80430490059
:109FF00099423FF6CFAE19B9CCE649000EF1040EF6
:10A000001942FAD070467AE603F1100BDFE64FF002
:10A01000010E9A10D8F804300EFA02F21A43C8F86A
:10A0200004206DE702EB0B014942C1F30B094946DD
:10A030003046009200F042F9431CDDE900237FF432
:10A04000FCAED146FCE6542B26D8130B03F16F016E
:10A05000C9006E3341E7B3F5AA7F26D8EB0B03F1B5
:10A06000780003F17707C100FAE51A4B18685844E5
:10A070001860BEE6CAF30B0CBCF1000F7FF4B9AE5A
:10A08000D8F80840BB444BF001006060F9E6144684
:10A09000F7E6012353608FE7B3F5AA7F32D8D30BDD
:10A0A00003F17801C900773317E740F25452934225
:10A0B00032D8AB0C03F17D0003F17C07C100CFE582
:10A0C000AAF1080AD3444FF00009ABEB020BB7E644
:10A0D000E4240020B4240020DC240020E02400201C
:10A0E00080040020880400208808002004F1080172
:10A0F0003046009304F05EFED8F80840009B60688C
:10A100001968BEE640F254518B420AD8930C03F111
:10A110007D01C9007C33E0E64FF47E717F207E270D
:10A120009EE54FF47E717E23D7E6D8F804305EE7D3
:10A13000F0B4860746D0541E002A3CD00346CAB26B
:10A1400001E0013C37D303F8012B9D07F9D1032C23
:10A150002AD9CDB245EA05250F2C45EA054534D963
:10A16000A4F1100222F00F0C03F120071609674436
:10A1700003F1100242E9045542E902551032BA4295
:10A18000F8D1721C14F00C0F03EB021204F00F064E
:10A1900013D0331F23F003030433134442F8045B4A
:10A1A0009342FBD106F003042CB1CAB21C4403F85D
:10A1B000012B9C42FBD1F0BC704734461346002C67
:10A1C000F3D1F8E714460346C1E71A462646E0E70E
:10A1D000014805F0ABB800BFF8240020014805F0A5
:10A1E000A7B800BFF82400200FB400B5074983B01A
:10A1F00004AB086853F8042B8168019301F080FDDB
:10A2000003B05DF804EB04B0704700BF54000020B9
:10A21000F0B5054689B008460C46012700F0F0F974
:10A2200002262149AA6B059004AB3844049403909C
:10A23000AC68079702960691019322B3636E13F000
:10A24000010FB4F90C309AB201D1980525D59104CB
:10A2500006D4626E43F4005322F40052A381626676
:10A26000284601AA214604F0ABFE636E002814BF05
:10A270004FF0FF350A25DA0702D4A3899B0506D5DE
:10A28000284609B0F0BD284604F0F4FCD6E7A06DDE
:10A2900005F04EF8284609B0F0BDA06D05F046F86F
:10A2A000B4F90C309AB2D2E7FC4F0108024B0146D8
:10A2B0001868FFF7ADBF00BF54000020002238B57A
:10A2C000064D044608462A60F8F74AFD431C00D0B4
:10A2D00038BD2B68002BFBD0236038BD0C25002037
:10A2E0002DE9F043654D0446D5F800900F469046A1
:10A2F0001E4683B0B9F1000F03D0D9F83830002BD7
:10A3000079D0B8F1020F06D0B8F1010F00F2A380A6
:10A31000002EC0F2A080636ED90752D52146484670
:10A3200004F04CFC216B41B104F14003994202D08E
:10A33000484604F03FFD002323630023B4F90C508A
:10A34000A36163602B0665D425F44A6525F00305F7
:10A35000B8F1020FA58164D001AB6A462146484698
:10A3600004F0FEFFA3891843A081002E30D0002FF7
:10A370002FD0D9F83830002B39D0009BC4E90476AF
:10A38000B342B4F90C3027601CBF43F40063A381CF
:10A39000B8F1010F04BF43F00103A3819AB213F097
:10A3A00008032CD0D10754D500217642A661666EF1
:10A3B000A16016F0010627D00026304603B0BDE8A4
:10A3C000F083A3899A05A9D4A06D04F0AFFFA5E797
:10A3D000009E3046FFF7EEFB074600283ED0A389DB
:10A3E00043F08003A381D9F83830002BC5D148460B
:10A3F00004F040FCC1E7484604F03CFC81E7A36060
:10A40000666E16F00106D7D193051BD5304603B012
:10A41000BDE8F0834846216904F0CCFCB4F90C5047
:10A4200092E7002600230121626E45F00205A36039
:10A43000D70704F14303A581616123602361E5D45B
:10A44000A805E3D4A06D04F073FF304603B0BDE867
:10A45000F083A660D4E74FF0FF36D7E7009DB54202
:10A4600004D02846FFF7A6FB074620B94FF0FF3679
:10A47000B4F90C50D6E72E46B1E700BF54000020D7
:10A480001F2938B5054621D8D0F8DC220C466AB120
:10A4900052F8213053B1012B16D0591C10D0002591
:10A4A000204642F824509847284638BD284600F0F8
:10A4B00031F8224601462846BDE8384000F014B87D
:10A4C000162301202B6038BD002038BD16234FF025
:10A4D000FF302B6038BD00BF024B01461868FFF704
:10A4E000CFBF00BF5400002070B50C4603460026C5
:10A4F000074D204611461C462E60F8F723FC431CEE
:10A5000000D070BD2B68002BFBD0236070BD00BF56
:10A510000C250020F8F714BC0EB44FF40172F0B50E
:10A520009CB021AC54F8047BADF814200290069046
:10A5300000F066F8014600254FF6FF760A4B0194BD
:10A5400018682346094C039107913A4602A90E95D3
:10A550001395ADF816600A9400F080F81CB0BDE8C1
:10A56000F04003B0704700BF5400002095A50008DC
:10A5700010B50C46B1F90E1005F0DAFC002803DB2B
:10A58000236D0344236510BDA38923F48053A38165
:10A5900010BD00BF002070472DE9F0410C46B1F915
:10A5A0000C101F46CB05164605460BD421F48051EE
:10A5B000A1813B4632462846B4F90E10BDE8F04171
:10A5C00003F0EEB9B4F90E100223002204F0B2FE3B
:10A5D000B4F90C10EAE700BF10B50C46B1F90E1043
:10A5E00004F0A8FEA389421C0EBF23F4805343F459
:10A5F00080532065A38110BDB1F90E1003F05EBA3F
:10A6000020F0030110F00300C0F1000051F8043BFA
:10A6100000F1040C4FEACC0C6FF000021CBF22FAD0
:10A620000CF213434FF0010C4CEA0C2C4CEA0C4C8E
:10A63000A3EB0C0222EA030212EACC1204BF51F887
:10A64000043B0430F4D0C2F1000102EA0102B2FA84
:10A6500082F2C2F11F0200EBD20070472DE9F04FE9
:10A66000ADF5317D8B46B1F90C10824602AF8804FE
:10A670007B6209D4DBF8643041F4005123F40053C9
:10A68000ABF80C10CBF8643012F8013BFA637B6432
:10A69000002B01F0128100229046FA61BA637A61C0
:10A6A0003A62FA625246C2469046864AD45C14F038
:10A6B000080440F0A980252B40F0838025462646DB
:10A6C000F86B0278A2F12503411C552B6AD8DFE80C
:10A6D00013F0770069006900690069001C056900D2
:10A6E0006900690069006900BD00BD00BD00BD00D2
:10A6F000BD00BD00BD00BD00BD00BD00690069001A
:10A7000069006900690069006900C8006900AB045C
:10A71000B304C800C800C800690069006900690086
:10A720006A0469006900C504690069006900A5043C
:10A730006900690069006900730469006900D00458
:10A7400069006900690069006900C8006900AD041A
:10A75000B504C800C800C800070513056A046900ED
:10A76000DB04E704F504B406040569006900A704E6
:10A770006604BD04690069007304690066045946F3
:10A78000404607F081F9002800F0CF81002E00F04C
:10A79000B387FB6A002B00F02D87BBF80C305A06FC
:10A7A00000F12887BB6B2BB1BB6B1E6816B130461E
:10A7B000FFF708FAF86A07F52F77BD46BDE8F08F76
:10A7C000F963DBF80430002B39DDDBF80030FA6B7D
:10A7D000197812F8012C9142E4D1DBF804200133FE
:10A7E000013ACBF800300AF1010ACBF80420FA6BE9
:10A7F00012F8013BFA637B64002BD3D0314AD45C5E
:10A8000014F008043FF457AFDBF804200EE0DBF847
:10A8100000302C491A7801338A5C1107E7D5DBF840
:10A8200004200AF1010A013ACBE90032002AEEDCE9
:10A830005946404607F028F90028E8D0D7E759469E
:10A84000404607F021F90028BFD0A2E715F08F0F8E
:10A85000A8D106EB860602EB4606303E4278084653
:10A8600030E74FF00409F963DBF80430002B40F3C4
:10A87000B1836A0611D509F1FF33032B00F25A8622
:10A88000DFE813F06501C400220222005946404669
:10A8900007F0FAF800287FF47CAFDBF8002013788B
:10A8A0000849CB5C1B07E6D5DBF804300AF1010A46
:10A8B000013B002BCBF8043002F10102E6DDCBF8BE
:10A8C0000020ECE791500108404604F027FD731E7C
:10A8D0000268B3F5AE7FFA6040F2DD846FF4AE70CB
:10A8E000331840F25D167B6000233B633B60BB6026
:10A8F000BB623B615B4607F5AC72A34691461C46C2
:10A90000BA6145F4F06522681078A0F12B0EBEF113
:10A910004E0F50D8DFE81EF08F024F008F024F001D
:10A920004F003303730073007300730073007300F0
:10A930007300730073004F004F004F004F004F0033
:10A940004F004F0088024F004F004F0013030503D4
:10A950004F004F00AD024F004F004F004F009502D7
:10A960004F004F004F004F004F000C034F004F00AF
:10A970004F004F0081024F004F004F004F004F002B
:10A980004F004F0088024F004F004F001303050394
:10A990004F004F00AD024F004F004F004F00950297
:10A9A0004F004F004F004F004F000C034F004F006F
:10A9B0004F004F008102FB6893F800E0864514D1F8
:10A9C000A90512D5BB6A25F420753B6109F8010B76
:10A9D000013E60680AF1010A01380028606040F316
:10A9E000AC83501C2060002E8DD123465C469B46D4
:10A9F000BB6A002B00F04E8225F480754AE23B6B67
:10AA000013EB0B0FF1D125F4C075DFE7002E08BF63
:10AA10004FF0FF3615F0010400F0448415F01003E8
:10AA2000BB6240F0AC86280640F14A877A6A52F849
:10AA3000043B7A623B63002B3FF4B4AE8020FFF707
:10AA4000B9F87A6A8146002800F0D485BB6B396B6F
:10AA5000DD889C880860A54280F02E851868396BD7
:10AA60006B1C40F82510B96B7A62CB802023C7F8A5
:10AA700018903B61DBF80030914A1B78D35C13F0EF
:10AA8000080540F03986FE6004F042FCA8423FF41D
:10AA900080AEDBE9002312F8011B013BCBE9002368
:10AAA0007B6907F5AC70032B415505F1010607F1F1
:10AAB000500402D12368042B04D008220021204630
:10AAC000FFF736FB07F5AC72334649464046009423
:10AAD00004F0BEFC0246013278613FF45AAE002811
:10AAE00040F0AF86C9F8000004F004FC002840F0F4
:10AAF000F485B244FB68013BFB60BB6A002B40F06D
:10AB000074873B6B09F10409002B00F06E87BB6969
:10AB1000A9EB03043B69B3EBA40F40F29787BE6A2D
:10AB2000DBF80430002B7FF72AAEDBF80030644AF4
:10AB30001B78D35C190700F1DF85FB68002B00F060
:10AB4000DB85354604F0E4FBA842A2D121E6002EC5
:10AB500008BF4FF0FF36E90740F1288315F01003D6
:10AB60003B6140F044862A0640F1B486D7F8249031
:10AB700059F8043BFB60002B3FF414AE8020FFF734
:10AB800019F83863002800F03585FA68BB6B114668
:10AB9000DD889C883A6BA5420A6080F07A84186848
:10ABA000FA686B1C40F82520BA6BC7F82490D38054
:10ABB0003B6BBB6020237B60C7F818A0BE620024FB
:10ABC0007E69D7F830A043E00546CAF8000007F1D7
:10ABD00050031846082200217B61FFF7A9FA394883
:10ABE0002A46D0F8E0007B69054607F1400140465F
:10ABF000A847012800F06685002207F158039B5CF6
:10AC0000002B00F0C286BB69032E4B44BB6100F0F1
:10AC10005D85BB6A013BBB623B69002B40F00C8544
:10AC2000FB680AF1040A002B00F00685BB68AAEB5A
:10AC300003047B68B3EBA40F40F27A853C69DBF830
:10AC40000430002B40F3FE84BB6A002B00F0D88553
:10AC500004F05EFBA0423FF49CADDBE9002312F858
:10AC6000011B013BCBE9002307F5AC7007F148035A
:10AC7000032E015504F101093B6302D1BB6C042B87
:10AC800004D008220021386BFFF752FA3B6B514683
:10AC9000009340464B4607F5AC7204F0D9FB431CC9
:10ACA00006463FF476AD00288ED0851C08BF4C4682
:10ACB000C5D0DAF800301D46013388D12A469CE71A
:10ACC0009150010894080020731EB3F5AE7F40F246
:10ACD000E6826FF4AE72B31840F25D16BB624FF0BD
:10ACE000000907F5AC731C465946D346CA46C1460F
:10ACF000D7F82080BB6145F458650A681078A0F148
:10AD00002B034D2B60D8DFE813F076015F0076014E
:10AD10005F005F0008023401340134013401340162
:10AD2000340134016E016E015F005F005F005F005F
:10AD30005F005F005F004E004E004E004E004E0070
:10AD40004E005F005F005F005F005F005F005F001C
:10AD50005F005F005F005F005F005F005F005F00FB
:10AD60005F005F007C015F005F005F005F005F00CD
:10AD70005F005F005F004E004E004E004E004E0030
:10AD80004E005F005F005F005F005F005F005F00DC
:10AD90005F005F005F005F005F005F005F005F00BB
:10ADA0005F005F007C01B8F10A0F0DDD25F4386506
:10ADB00004F8010B4B68013B002B4B6040F3C8814A
:10ADC00001320A60013E98D1C7F82080C846D146BA
:10ADD000DA468B46E90507D5BB699C4200F2BA8486
:10ADE000BB699C423FF4DEAC15F0100240F0C1811B
:10ADF00040463B6AB969FE692270B047AA0600F175
:10AE0000B0812B0700F16D836E0740F1D6857D6A16
:10AE100055F8043B18807D62A8E1BBF1070F7FF471
:10AE2000E4AD4FF0080BD1E53B6B012B7FF4DDADBA
:10AE300002233B63CAE52B067FF5D7AD25F08005DD
:10AE4000C4E53B6B002B40F0A481BB6A2BB905F431
:10AE5000E06EBEF5E06F00F02885BBF1010F03D076
:10AE6000BBF1040F7FF4C1AD0BF101035FFA83FB6B
:10AE7000ACE5BBF1000F40F08381BB6A002B40F0D2
:10AE80007E8205F4E06EBEF5E06F00F00885234693
:10AE90005C469B463B6B013B012B40F2C185631E28
:10AEA000062B40F27C82EA0513D56B0500F1E085A4
:10AEB00019F8011C09F1FF3365290AF1FF3402D0AA
:10AEC000452940F09B825A464046A246994606F0E4
:10AED0009BFD15F010027FF48AAC05F4C063B3F556
:10AEE000806F89F8002000F03F84BB68002B40F0A1
:10AEF000078300224046B96906F0B8FA02460B46BD
:10AF0000EE07C7E90C2340F162820A4601467E6AD9
:10AF100056F8043BC3E900127E62FB6A0133FB6210
:10AF200065E4BBF1020F7FF460AD4FF0030B4DE51C
:10AF3000BBF1060F7FF459AD4FF0070B46E505F462
:10AF4000A06EBEF5806F05D069057FF54EADBB6A7A
:10AF5000002B9CD0AB0505D4BB6A3969C7F80090BB
:10AF60005B1ABB60002325F4F06545F4C075BB6235
:10AF70002CE58B4B25F4386533F9188018E7E90583
:10AF80007FF53DADBB6A25F080050133BB627B6870
:10AF9000002B3FF41DAD7B68013B7B6019E52B075F
:10AFA0007FF400AC5AE42A077FF4FCAB427845F00A
:10AFB00002050846FFF786BB45F40075794B4FF054
:10AFC0000309FB6110233B62DBF80430F963002BBB
:10AFD0003FF74FAC5946404606F056FD00283FF477
:10AFE00048ACFFF7D6BB6E4B33F91880B8F1080FA9
:10AFF0003FF7DCAEE8E62B067FF5E6AE25F08005F0
:10B00000D6E605F4C063B3F5007F7FF4DDAE25F42A
:10B0100000754FF0100845F4A065C9E645F001053C
:10B020004FF00209F9631FE445F001054FF00009F4
:10B0300045F04005F96317E445F001055A4B4FF020
:10B040000309FB610A23F9633B620DE4554B4FF0A2
:10B050000309FB610A23F9633B6205E4514B4FF09E
:10B060000309FB61082345F00105F9633B62FFF723
:10B07000FBBB07F1580005F0A1F94FF0010945F0BD
:10B080004005F863FFF7F0BB2A077FF48BAB4278EB
:10B090006C2A00F0C183084645F00105FFF712BB9A
:10B0A00015F08F0C7FF47EABBA6B002A00F0DF83C3
:10B0B000427845F080050846FFF704BBEA0600F138
:10B0C0009A812B0740F117847E6AF96356F8043B96
:10B0D00083F800A07E62FFF78ABB45F408756DE730
:10B0E0002B077FF45FAB4278682A00F08F83084615
:10B0F00045F00405FFF7E6BA2B4B4FF00309FB615F
:10B100000023F9633B62FFF7AFBB2E437FF44AABEA
:10B11000427810250846FFF7D5BA2B057FF548AED3
:10B12000B8F1000F03D14FF0080845F400756B0526
:10B1300040F12B8125F4B0653AE62146404606F001
:10B14000A3FC00287FF451AC002E7FF4DCAB4CE470
:10B150004846396306F098FC396B00283FF432AE5C
:10B1600032E67D6A55F8043B18607D62FB6A013364
:10B17000FB62BB69E41A04EB0906B244FFF737BB74
:10B18000BBF1030F3FF470AEBBF1050F3FF46CAEA3
:10B190002BE43B6B022B7FF460AE03233B6315E48F
:10B1A000085001084918010889150108EC0600F14A
:10B1B000EF8215F0800500F09883D7F8249059F8B5
:10B1C000043BBB61002B3FF4EDAA2020FEF7F2FC0C
:10B1D0000446002800F00E82B96BBB69CA888D88CE
:10B1E0001860AA4280F0418108682025B969531C83
:10B1F00040F82210BA6BC7F82490D38007F15803A7
:10B200001946DBF8002018461378CB5C002B3FF47E
:10B21000C9AAC7F828808046A146C7F810A0AA4648
:10B2200025461446BA694946DBF80400631C013818
:10B23000CBE90030207801F8010BA1EB050912B130
:10B24000D14580F003818946013E0BD0DBF8041024
:10B25000002940F32282DBF80040217818F8011021
:10B260000029E0D14C46D7F82880A9465546D7F8A2
:10B2700010A0B4EB09063FF495AA00232370BB6924
:10B280001BB1711C8D4200F27783FB6AB24401331B
:10B29000FB62FFF7ACBA00237B60FFF725BB0023FE
:10B2A000BB621CE5EA0600F1398315F080027B6A77
:10B2B00000F0C18253F8049B3B63B9F1000F3FF4E7
:10B2C00071AA2020FEF776FC0446002800F0928147
:10B2D000BB6BC9F80000DA889D88AA4280F099808B
:10B2E0001868531C40F82290BA6BD3803B6B7B628A
:10B2F00020233B63DBF800308B491A788A5C100707
:10B3000000F13B8242462546D0469246DBF80410C7
:10B31000581C0139CBE900011B7804F8013B631B81
:10B32000B9F1000F03D03A6B934280F0A882013E3E
:10B330000BD0DBF80430002B40F3E882DBF8003060
:10B34000794A1978515C0907E0D55346C2469846B8
:10B35000611B8A44013100232370B9F1000F3FF4CF
:10B36000DCAD3B6B8B427FF6D8ADD9F8000004F022
:10B37000F5FD00283FF4D1ADC9F80000CDE5234626
:10B3800025F480755C469B4684E5BB6A25F46075B0
:10B3900013B1013BBB6201360AF1010A0AE5022C36
:10B3A00040F27583032C3FF47EAD043CE6B2F343D8
:10B3B00009EB030419F8011D5A46404606F024FB28
:10B3C0004C45F7D10AF1FF33A3EB060A6BE5AC0756
:10B3D00000F18D80D7E90C23F5F710FB7E6A56F853
:10B3E000044B002840F06383D7E90C01F5F71CFB00
:10B3F0007E62206091E5F963FFF7F9B95A4640464D
:10B4000006F002FBAAF1020419F8021CA9F10203DA
:10B4100059E54FF6F6739D42BA6200F2EF80BA6BBF
:10B4200008351068A90004F099FD002800F0E680B6
:10B43000BB6BBA6A18609D8053E708233B623B4BA5
:10B440004FF00309F963FB61FFF70EBA4FEA4A0AAE
:10B45000284651463A6304F081FD0546002800F075
:10B46000C9803A6B81441060EEE64FF6F6739D4258
:10B470003A6300F2C380BA6B08351068A90004F083
:10B480006DFD002800F0BA80BB6B3A6B18609D80A0
:10B49000ABE64FF6F6739C4200F2B080BA6B08340C
:10B4A0001068A10004F05AFD002800F0A780BB6BD3
:10B4B00018609C80FFF774BB4FF6F6739C427A626B
:10B4C00000F29C80BA6B08341068A10004F046FDBD
:10B4D000002800F09380BB6B7A6A18609C80FFF7AD
:10B4E000BEBA7D6A55F8043B18707D623EE67E6AFE
:10B4F000D7E90C1256F8043BC3E900127E620CE552
:10B500003C680A234046611C06F03EF8A146BB6831
:10B51000C21A07F2AB23994528BF07F2AA29484669
:10B52000034904F093FFE4E491500108491801082D
:10B5300000500108012E38BF012615F0010400F06B
:10B54000C58215F01003BB6100F00B830023994600
:10B550001D46BB623B63002403F0DAFEA0423FF4C9
:10B5600018A9DBE900135A1E11F8010BCBF80420CF
:10B570007A6907F5AC73032A1855CBF8001004F16B
:10B58000010307F1500402D12268042A06D00822E0
:10B59000002120467B61FEF7CBFD7B6929464046B2
:10B5A000009407F5AC723B6103F052FF411C7861D7
:10B5B0003FF4EFA83B69002840F05D83BA6902B907
:10B5C0002A609A44013EBB69002B40F088833B6BA4
:10B5D000002B00F08383BB6AA5EB0904B3EBA40F37
:10B5E00000F27C834846D90004F0B8FC814600286C
:10B5F00040F06E83BB6B002B00F05D81BB6BDD8880
:10B60000002D00F00F81BB6B4FF000081E68344620
:10B6100006EB850523681868FEF7D4FA54F8043B56
:10B62000AC42C3F80080F5D14FF0FF33FB62002E2F
:10B630007FF4BDA8FFF7BEB8DBF804300024002B70
:10B640003FF702AB5946404606F01EFA00283FF489
:10B65000FBAAC7F830A07E61D7F818A0002C7FF4B1
:10B6600098A83B69002B7FF4C2A83A6B1360FB6873
:10B67000002B3FF452ACBB68D11A8B107A680133AF
:10B680009A427FF64AACFC680431206804F066FCFC
:10B6900000283FF442AC20603FE45946B86A3A6360
:10B6A00006F0F2F93A6B00283FF4D5AD4C46A946B6
:10B6B0004C455546D7F82880D7F810A07FF4D9AD6F
:10B6C000FFF767B897F84020FFF797BA3B6B1B6806
:10B6D000042B7FF49EAAFFF79FBA6EB107F5AC73F7
:10B6E0001D4429785A46404606F08EF907F5AC739A
:10B6F000AB4205F1FF35F4D1BB6A002B7FF477A88C
:10B70000C9F800303B6B002B3FF407ACBB693A69CA
:10B71000A9EB03018B1001339A427FF6FEAB3C6B21
:10B720000431206804F01AFC0028B4D1FFF7F5BBFF
:10B73000B868D9001D4604F011FCB86000283FF439
:10B7400059AFFA686B0000EB040A10603C697B603B
:10B75000FFF775BA14F8011C631E5A4640461C4692
:10B7600006F052F9FFF73CBB3B69B96A8B42A3EB89
:10B7700001027FF4CEAEFFF7BCBB0121EBE5002355
:10B7800007F1440291463B61BB613B63FFF772B92D
:10B7900007F158031946DBF800201378CB5C002B27
:10B7A0003FF400A8DBF804300132013B012ECBE965
:10B7B000002319D01A460C460EE0DBF800301A7848
:10B7C0000133A25C82B1DBF8042009F10109013ADE
:10B7D0004E45CBE9003207D0002AEEDC5946404600
:10B7E00006F052F90028E8D0CA44FFF700B8002359
:10B7F00007F14402C7E902337B603A63FFF7DCB923
:10B80000C7F830A07E61D7F818A02AE7827845F003
:10B8100008050230FEF756BF827845F00205023077
:10B82000FEF750BF1E684FF0FF33FB62002E7EF420
:10B83000BEAFFEF7BFBF53F8044B91463A637B623D
:10B8400058E57B6902333FF46BA9D9F8000003F097
:10B8500051FD00287FF441AF7B69B244032B7FF494
:10B8600049A92368042B7FF445A9FFF746B982B0A4
:10B8700002AAC2F800C0BA63CDF80CC018E4BB62DB
:10B880005300284619463B6304F068FB0546002830
:10B890003FF4B0AEBB6AC9F80000C41847E54FF0EA
:10B8A000010B25F4F065FFF791B8012325F4F0654D
:10B8B0003B63FFF78BB84FF0FF33FB62FEF77ABFB5
:10B8C0007B6ABA6A53F8049B3A617B62BA613A6355
:10B8D000FFF7D0B87B6A53F8042B3A633A697B626E
:10B8E000C7E902227A60FFF767B97B6ABD6153F846
:10B8F000044B7B6282E46E077AD57E6AF96356F860
:10B90000043BA3F800A07E62FEF771BF5946504683
:10B9100006F0BAF800283FF411AD16E5DBF8002078
:10B92000BB491378CB5C1B0723D4DBF8043001320E
:10B93000013B012ECBE9002300F0C08001241A4610
:10B940000FE0DBF80030B2491A7801338A5C150742
:10B950000FD4DBF804200134013AA642CBE90032CF
:10B9600007D0002AEDDC5946404606F08DF8002845
:10B97000E7D0A244FEF73BBF18681C4604F0EEFA7D
:10B9800000283FF482AC20607FE44D46C7F830A029
:10B990007E61D7F818A0002D3FF463AE07F5AC73B5
:10B9A0001C4421785A46404606F02EF807F5AC7341
:10B9B0009C4204F1FF34F4D153E615F001027FF408
:10B9C000D0ABAD073BD5934BF969404699423B6AF2
:10B9D000B96977D005F098FE0B467D6A55F8041BCF
:10B9E000C1E900037D62FFF7C1BB0026FFF798B8ED
:10B9F000EC070CD4A8070AD552467E6AD31756F82E
:10BA0000040BF963C0E900237E62FEF7F0BE7E6A94
:10BA100056F8043BF963C3F800A07E62FEF7E7BE68
:10BA2000BC69C246A1457EF6BDAE19F8011D5A4655
:10BA3000504605F0E9FFA145F7D1FEF7B3BE7D6A98
:10BA400055F8043B7D621860FFF790BBB869D900D8
:10BA50001D4604F083FAB86100283FF4CBAD3A6B81
:10BA60006B00BE6A00EB040910603B61FFF758B839
:10BA7000BC69C246A1457EF695AE19F8011D5A462D
:10BA8000504605F0C1FFA145F7D1FEF78BBEBB695B
:10BA9000C24699457EF686AE19F8011D5A465046B3
:10BAA00005F0B2FFBB699945F6D1FEF77BBE5A4857
:10BAB00004F0C8FC7E622060FFF72FBA3446A2442F
:10BAC000FEF795BE05F09EFF0B4686E7EB0600F1FC
:10BAD0009180280640F1A2807D6A55F8044B002C25
:10BAE0003EF460AE3046FEF765F8814600283FF42C
:10BAF00081ADBB6B2060D9889A8839639142C0F0D0
:10BB00009F804FF6F6739A423FF678AD02F1080334
:10BB10009900BB62BB6B186804F020FA00283FF460
:10BB20006DADBB6B1A461860BB6A93803B6B494690
:10BB300040F823405A1CBB6B4046DA803346012252
:10BB4000CDF800B005F0BEFF814600287AD08642CD
:10BB500000F28880FB6ACA440133FB627D62FEF713
:10BB600046BE2806D7F8249032D559F8043B3B63EB
:10BB7000002B3EF417AE8020FEF71CF80546002887
:10BB80003FF438ADBB6B3A6BD9889C88B962A1424F
:10BB9000106053D34FF6F6739C423FF62FADBB6B4C
:10BBA00008341868A10004F0D9F900283FF426AD44
:10BBB000BB6B18609C80BB6A396B5A1C40F8231021
:10BBC000BB6BC7F82490DA802023A946BB62C2E48D
:10BBD000BB6959F8045B3B63C7E909939946BAE42A
:10BBE0001A4459464046CBF800201C44F61A05F08A
:10BBF0004BFF88BBDBE900239E42F1DC9B1B3244F8
:10BC00003444CBF80430CBF80020A244FEF7EFBD5B
:10BC10009150010849180108304D01087C6A3346EB
:10BC2000216801224046CDF800B005F04BFF814667
:10BC300000283EF4AEAD043425468BE71868BAE719
:10BC4000186873E7FB6A002B3FF4D8ACBBF80C30E4
:10BC50005B067EF5A9ADCDE4002C3EF49AADA2447E
:10BC6000FEF7C5BD0146206804F078F900283FF4CE
:10BC700071AF20606EE77A6902321BD1DBF80420D5
:10BC80001C46002A3FF768AC5946404605F0FCFECA
:10BC9000D0B9002E7FF460AC3B6B2BB1BB6AA5EB37
:10BCA0000901B3EBA10F23D8BB69002B7EF49FAD34
:10BCB000FFF733B99A447B69032B7FF483AC236885
:10BCC000042B7FF47FAC7EE4002CE5D0FEF761BD51
:10BCD000BB6A3A6B5B0005191060BB620435DBF888
:10BCE00004300024002BCFDD002E7FF435ACD3E7E9
:10BCF0003C6B206804F032F90028D5D02060D3E7EF
:10BD00002DE9F04FD7B01C468B461746814603F00D
:10BD100005FB03680E9418461893FEF771FC179004
:10BD2000B9F1000F04D0D9F83830002B00F0EA81C7
:10BD3000DBF8643013F0010FBBF90C309AB202D17A
:10BD40009D0540F1B58690040AD4DBF8642043F4E5
:10BD5000005322F40051ABF80C309AB2CBF86410C7
:10BD6000110740F1BB80DBF81030002B00F0B680EB
:10BD700002F01A030A2B00F0BF80002300210022EA
:10BD8000CDE92B33CDE91A33CDE91C331393199345
:10BD90000A932DAB98462A933B78DA46CDE91412E4
:10BDA000002B00F060813C4604E014F8013F002BBA
:10BDB00000F0B980252BF8D1E51B40F0B78023783F
:10BDC000002B00F0508100230B938DF88B300793EC
:10BDD0004FF0FF33667804F1010B20212B240993E7
:10BDE0000BF1010BA6F120035A2B00F2BB80DFE818
:10BDF00013F0EA02B900B900E302B900B900B900D2
:10BE0000BF02B900B9006A005202B90033025E02F3
:10BE1000B90057025B005B005B005B005B005B00EE
:10BE20005B005B005B00B900B900B900B900B90064
:10BE3000B900B9004201B900C101940142014201B7
:10BE40004201B900B900B900B900AF02B900B900A8
:10BE5000FB01B900B900B900D501B9007802B900F9
:10BE6000B900B707B900B900B900B900B900B90005
:10BE7000B900B9004201B900C10198014201420173
:10BE80004201A50298018D01B9009B02B9003A0256
:10BE9000FF0189028D01B900D50172009207B90036
:10BEA000B9009607B90072000022A6F130031BF812
:10BEB000016B02EB820203EB4202A6F13003092B75
:10BEC000F5D90B928EE70E9B53F8042B002A0B92A8
:10BED0000E93C0F2BE819BF8006081E75946484648
:10BEE00001F074FD002841F09B83BBF80C2002F0A8
:10BEF0001A030A2B7FF441AFBBF90E30002BFFF67B
:10BF00003CAFDBF86430DE0702D4950541F1808157
:10BF100023463A465946484601F0FEFC0A900A98E4
:10BF200057B0BDE8F08FE51B00F09D80DDE92B32B6
:10BF300001332A44072BC8E90075CDE92B3206DC12
:10BF400008F108080A9A23782A440A9238E75146E9
:10BF500048462AAA07F016FC002841F00E840DF18D
:10BF6000B408EFE7002E7ED0002301211A46089185
:10BF70008DF8F4608DF88B300D930993129316931E
:10BF800010930C913DAF079B13F0020302D0089968
:10BF900002310891079911F084010F9105D10B9995
:10BFA00008980D1A002D00F39C832C9C72B101207F
:10BFB0002B9A044402440DF18B01072ACDE92B246E
:10BFC000C8E9001000F30B8408F108086BB10221E6
:10BFD0002B9B0C44013323AA072BCDE92B34C8E952
:10BFE000002100F30B8408F108080F9B802B00F060
:10BFF0007882099B0C9A9D1A002D00F3B282079B50
:10C00000DD0500F119822B9B0C9A01331444072B98
:10C01000C8E900722C942B9300F3D58308F108082B
:10C02000079B5D0705D50B9B089A9D1A002D00F311
:10C03000F283DDE90A3208998A42ACBF9B185B188B
:10C040000A93002C40F0C18200232B930D9B1BB15F
:10C0500048460D9902F0AEFE5F460DF1B4083B78FC
:10C06000002B7FF4A0AE2C9BD346002B40F0FB8727
:10C0700000232B93B7E20E9B073323F007031946E7
:10C08000F1E80223CDE91423DDE9143424F000445F
:10C090001D4618460E914FF0FF322146B04BF4F783
:10C0A000ADFC002840F06F85284621464FF0FF3256
:10C0B000AB4BF4F785FC002840F06585DDE9140101
:10C0C00000220023F4F772FC002841F0E9809DF87B
:10C0D0008B2003200021A34FA34B08900D91472EE6
:10C0E000C8BF1F46079C0C9024F080040794099158
:10C0F000129116911091002A3FF445AF089B01332D
:10C10000089340E7484602F0B5FD11E6079B9BF80F
:10C11000006043F02003079362E6079B43F010039F
:10C120000793079B9C0640F18E840E9B073323F0F8
:10C1300007031946F1E8022314461D460E91002A12
:10C1400073F10003C0F2F884099B0133079B00F0F0
:10C15000098323F0800354EA0502089340F0038327
:10C16000099A002A40F004830793002356AF0993ED
:10C170000C9353E1002101240E9B0A4653F8040B53
:10C180000894CDE90D138DF88B108DF8F40009910A
:10C190001291169110910C943DAFF4E600250E9C7F
:10C1A0008DF88B5054F8047B002F00F02386099AF9
:10C1B0001346013300F016872946384603F080F90C
:10C1C0000D90002801F0A6812B460D9A0995D21BEF
:10C1D0000C9222EAE27208920E949DF88B200D9345
:10C1E00012931693109386E7079B43F0100307936F
:10C1F000079B9A0640F148840E9B073323F0070300
:10C20000F3E802450E93079B23F480630893002311
:10C2100000228DF88B20099A1146013100F0DF8051
:10C22000089921F08001079154EA050140F0D5807A
:10C23000002A40F03882002B97D1089B13F00103AD
:10C240000C9300F0658430230DF257178DF85731A9
:10C25000E4E00B9B5B420B93079B9BF8006043F071
:10C2600004030793BCE5079B9D0600F17084079BC0
:10C27000DC0600F17B86079B580600F10687079BCA
:10C28000990540F173860E9B0A9953F8042B5F467B
:10C2900011700E93E3E69BF800608DF88B409FE5EC
:10C2A000079B9BF8006043F08003079398E55A468C
:10C2B00012F8016B2A2E01F00783A6F13003092B37
:10C2C000934698BF002201F26F811BF8016B02EBCD
:10C2D000820203EB4202A6F13003092BF5D9099241
:10C2E00080E5079B43F010030893089B9D0640F1EF
:10C2F000BB830E9B073323F00703F3E802450E933D
:10C30000012385E747F630020E9B079953F8044B4B
:10C3100041F002010E93154B002519937826022354
:10C320000891ADF88C2073E79BF80060079B6C2E9A
:10C3300000F0418543F01003079351E59BF800603E
:10C34000079B682E00F04D8543F04003079347E5B7
:10C35000079B9BF8006043F00803079340E500BF8C
:10C36000FFFFEF7F2C500108305001083C500108BE
:10C37000484602F0D3FF436818461C93FEF740F985
:10C38000034648461D461D9302F0C8FF82682021DF
:10C390001A92002D3FF49FAD1A9B002B3FF49BADEA
:10C3A0001A9B1B78002B3FF496AD079B9BF800600F
:10C3B00043F48063079313E5079B9BF8006043F009
:10C3C000010307930CE59DF88B30002B7FF483ADC0
:10C3D0009BF800608DF88B1002E5079A0892012BFC
:10C3E00000F0C181022B00F0668156AFE20842EAFC
:10C3F0004572E90804F007030D461446303354EA49
:10C4000005013A4607F8013DF0D108990846C007F2
:10C4100000F1D38256ABDB1B07910C9300230999E3
:10C420000D931293169310930C9B9DF88B208B42C7
:10C43000B8BF0B4608935EE6652E40F3E580DDE964
:10C44000140100220023F4F7A7FA002800F01B8251
:10C4500001212B9BCB4A0B440C44072BCDE92B34F9
:10C46000C8E9002100F3678508F10808249B139AA6
:10C47000934280F218832B9B179A01331899144426
:10C48000072BC8E900122C942B9300F39D8408F12C
:10C490000808139B5D1E002D7FF7C2AD102D40F3E1
:10C4A0005785B94F10262B9B0F9705E008F1080818
:10C4B000103D102D40F34F8501331034072BCDE98B
:10C4C0002B34C8E90076F1DD514648462AAA07F028
:10C4D00059F9002840F08180DDE92B340DF1B408D2
:10C4E000E6E70B9B089A9D1A002D7FF782AD102D71
:10C4F00041F3A780A4482146102304462B9A0F90AD
:10C5000004E0103D102D08F1080817DD013210314C
:10C51000072ACDE92B21C8E90043F2DD5146484600
:10C520002AAA07F02FF9002857D1DDE92B21103D69
:10C53000102D4FF010030DF1B408E7DC0C4601326A
:10C540000F9B2C44072ACDE92B24C8E9003500F3C2
:10C550000A84099B0C9A08F108089D1A002D7FF7A0
:10C560004EAD102D40F37A858748214610230446AE
:10C570002B9A0F9004E0103D102D08F1080816DDED
:10C5800001321031072ACDE92B21C8E90043F2DD41
:10C59000514648462AAA07F0F5F8F0B9DDE92B2103
:10C5A000103D102D4FF010030DF1B408E8DC0C46DF
:10C5B00001320F9B2C44072ACDE92B24C8E9003512
:10C5C00000F3348208F1080819E5514648462AAAC2
:10C5D00007F0D8F800283FF437ADD3460D9911B1D4
:10C5E000484602F0E7FBDBF8643013F0010FBBF8BC
:10C5F0000C3002D1980540F17784590601F11C8076
:10C600000A9857B0BDE8F08F139B012B40F3B78118
:10C6100001232B9D1C441D44072D2C94C8F8007049
:10C620002B95C8F8043000F3FF8308F10808179B26
:10C630000135189A1C44072DCDE92B54C8E9002375
:10C6400000F3008408F108080023DDE9140100224A
:10C65000F4F7A2F9139B002840F0BD81013B01359E
:10C6600001371C44072DCDE92B54C8F80070C8F8D9
:10C67000043000F3938308F108081B9A0135144431
:10C6800026AB072DCDE92B54C8E900327FF7C6ACA5
:10C69000514648462AAA07F075F800289DD12C9CDF
:10C6A0000DF1B408BCE4012B00F0D087022B079BEE
:10C6B00008937FF49AAE199856AF230943EA05739D
:10C6C000290904F00F020D461C46835C07F8013D62
:10C6D00054EA0503F1D1089B079356ABDB1B0C937F
:10C6E0009CE6102D40F33887DDE92B211E930B4685
:10C6F0003946102437465646CA46894604E0103D5E
:10C70000102D08F1080817DD013220491033072ADF
:10C71000CDE92B23C8E90014F1DD314650462AAAA1
:10C7200007F030F8002840F0F883DDE92B23103DB6
:10C73000102D0DF1B408E7DC4846D146B2463E461E
:10C74000074619461E9B6C1801321049072ACDE98D
:10C750002B24C8E9001500F3CF839DF88B2008F146
:10C76000080823E40893002D08BF0A2C80F0788382
:10C77000089B3034079301238DF857410C930DF239
:10C7800057174BE66C5001088050010870500108A3
:10C790002B9B1799013318980C44072BC8E900010B
:10C7A0002C942B9300F3258508F10808002AC0F289
:10C7B000FF86139A01331444072BCDE92B34C8E9C3
:10C7C00000727FF72BAC514648462AAA06F0DAFFE2
:10C7D00000287FF402AF2C9C0DF1B40820E45146F0
:10C7E00048462AAA1E9306F0CDFF00287FF4F5AE36
:10C7F0002C9C1E9B0DF1B408FFF7E8BB5146484640
:10C800002AAA06F0BFFF00287FF4E7AE2C9C0DF1AA
:10C81000B408FFF7EABB102D40F3FF8610262B9BD0
:10C8200004E0103D102D08F1080817DD0133B94A66
:10C830001034072BCDE92B34C8E90026F1DD514631
:10C8400048462AAA06F09EFF00287FF4C6AEDDE91E
:10C850002B34103D102D0DF1B408E7DC0133AD4A47
:10C860002C44072BCDE92B34C8E900257FF7E1AB39
:10C87000514648462AAA06F085FF00287FF4ADAE4F
:10C880002C9CFFF7D6BB249A002A40F31A81109BF8
:10C89000139A9342A8BF1346002B1D460BDD2B9B1A
:10C8A0002C440133072BC8E900752C942B9300F31B
:10C8B000DB8508F10808109B002DA8BF5B1B002B2F
:10C8C0001D4600F36783109B3B441E46079B59059A
:10C8D00000F10185249B139A934203DB079AD20748
:10C8E00040F1CB832B9A1799013218980C44072AF0
:10C8F000C8E900012C942B9200F3C38508F10808C5
:10C90000139ABD18AD1BD31A9D42A8BF1D46002D1A
:10C910000BDD2B9A2C440132072AC8E900652C94C0
:10C920002B9200F31D8608F10808002DB4BF1D46A8
:10C930005D1B002D7FF774AB102D40F30983764FFC
:10C9400010262B9B0F9705E008F10808103D102DCD
:10C9500040F3018301331034072BCDE92B34C8E9B0
:10C960000076F1DD514648462AAA06F00BFF002862
:10C970007FF433AEDDE92B340DF1B408E6E7079B15
:10C98000DE073FF545AE01232B9D1C441D44072DBA
:10C990002C94C8F800702B95C8F804307FF76BAE64
:10C9A000514648462AAA06F0EDFE00287FF415AE4F
:10C9B000DDE92B540DF1B4085FE6302B3FF48BAE6C
:10C9C0003023023A07F8013C089956AB9B1A1746E8
:10C9D00007910C9322E55E1E002E7FF74EAE102EBF
:10C9E00040F34F874C4BCDF824B01027D3460F931C
:10C9F000CA46994605E008F10808103E102E40F39B
:10CA0000BF8101351034072DCDE92B54C8E90097BB
:10CA1000F1DD594650462AAA06F0B4FE002840F03F
:10CA2000EC85DDE92B540DF1B408E6E751464846A4
:10CA30002AAA06F0A7FE00287FF4CFAD2C9C0DF1AA
:10CA4000B408FFF7DCBA079BD80669D4079B5906E0
:10CA500040F1F6820E9B53F8044B24B2E5170E9377
:10CA600022462B46FFF76BBB089BDC067CD4089B59
:10CA7000580640F1CA820E9A012352F8044B002551
:10CA80000E92A4B2FFF7C4BB079BDB0674D4079BCE
:10CA90005F0640F1C9820E9B002553F8044B0E93AC
:10CAA000A4B2FFF7B0BB079BD8077FF5B9AAE2E4B1
:10CAB000DBF8580002F03AFCBBF90C309AB2FFF7F1
:10CAC00042B901202B9B154903440444072BCDE9AF
:10CAD0002B34C8E9001000F3AC8408F10808002AE0
:10CAE0007FF456AE079B139A03F0010313433FF400
:10CAF00097AA2B9B179A013318991444072BC8E95E
:10CB000000122C942B9300F3748308F1080850E66C
:10CB100056AF83E470500108805001086C50010842
:10CB20000E9B53F8044B2246E5170E932B46002A22
:10CB300073F10003BFF608AB2D23079A64428DF80A
:10CB40008B3065EB450501230892FFF764BB0E9B14
:10CB50005F4653F8041B0E930A9BDD171A462B46BB
:10CB6000C1E90023FFF77BBA0E9A012352F8044B68
:10CB700000250E92FFF74CBB0E9B002553F8044B8B
:10CB80000E93FFF740BBDDE914010B460246F3F7B5
:10CB900035FF0146002840F0DD85612E00F08285DA
:10CBA000412E00F07B82099B26F020055A1C089537
:10CBB00000F0CC85472D00F0A385DDE91401079B2B
:10CBC00043F4807312930B46002BC0F23986002287
:10CBD0000F931E920D920C90462D0C9A00F07A84C1
:10CBE000452D4FF002000F9B40F0598409990090A9
:10CBF0004C1C28A925A8049124A9CDE90210019470
:10CC0000484600F0FDFF07460444129B079D07932A
:10CC1000002200230C980F99F3F7BEFE002800F0C5
:10CC20002B832346DB1B1393089B472B00F0F682D4
:10CC3000089B462B00F07A84249B1093109B089A43
:10CC4000013B412A249300F0F5850021F2B2002B2C
:10CC50008DF89820B6BF2D222B22109B8DF899209D
:10CC6000B8BFC3F10103092B40F3D5850DF1A70E21
:10CC700072469C46C24C6046114684FB0C234FEA28
:10CC8000EC72C2EBA30202EB8203ACEB4303303342
:10CC90006328944601F8013C01F1FF32EBDC634666
:10CCA0003033D8B28B1E9E4502F8010C40F2288624
:10CCB0000DF19A0301E012F8010B964503F8010B00
:10CCC000F9D10DF1A9030DF19A025B1A134426AABA
:10CCD0009B1A1B93139B1B9A012B1A440C9240F333
:10CCE000B2850C9B179A13440C930023129316934E
:10CCF00010930C9B25F4806545F4807223EAE3735E
:10CD0000079208931E9B002B40F0AF829DF88B206A
:10CD10000993FFF7F0B9079B0893FFF7E6BA994B21
:10CD20001993079B990675D50E9B073323F00703CC
:10CD3000F3E802450E93079AD7070AD554EA05038C
:10CD400007D0302342F002028DF88D6007928DF8F3
:10CD50008C30079A022322F480620892FFF758BAB7
:10CD6000894B1993DDE7514648462AAA06F00AFD89
:10CD700000287FF432AC2C9C0DF1B408FFF739B9D0
:10CD8000D146DA46DDF824B001350F9B3444072D37
:10CD9000CDE92B54C8E900367FF76DAC51464846C3
:10CDA0002AAA06F0EFFC00287FF417ACDDE92B542B
:10CDB0000DF1B40861E443F020039BF80160079390
:10CDC0000BF1010BFFF70CB8514648462AAA06F0B2
:10CDD000D9FC00287FF401AC2C9C0DF1B408FFF7BE
:10CDE00058BB43F400739BF8016007930BF1010BF0
:10CDF000FEF7F6BF099B3A46062B28BF0623099784
:10CE00001297169710970D970893604F0E940C93F6
:10CE1000FFF771B9079BDA0640F183800E9B00256E
:10CE200053F8044B0E9386E7514648462AAA06F06B
:10CE3000A9FC00287FF4D1ABDDE92B540DF1B40837
:10CE4000FFF7F5BB514648462AAA06F09BFC00288E
:10CE50007FF4C3ABDDE92B540DF1B408FFF7F4BB4D
:10CE60000022089BCDF81CB003F480630C96CDF82B
:10CE700034A09346CA461E46C14656AFDDF86880C8
:10CE80000BE00A22002320462946F5F711FA002D6F
:10CE900008BF0A2C1BD304460D460A220023204655
:10CEA0002946F5F705FA303207F8012C0BF1010B92
:10CEB000013F002EE5D098F800309B45E1D1BBF151
:10CEC000FF0FDED0002D08BF0A2C80F0EF81CDF8D7
:10CED0006880CDF84CB0C8460C9ED146DDF81CB039
:10CEE000DDF834A0FFF7F7BBDBF8580002F020FABA
:10CEF000BBF80C30FFF781BB514648462AAA1E9367
:10CF000006F040FC00287FF468AB9DF88B202C9C39
:10CF10001E9B0DF1B408FFF749B8D146B346FFF7A1
:10CF20005DBB079B5B0665D50E9B002553F8044B44
:10CF30000E93A4B2FFE6514648462AAA06F022FC08
:10CF400000287FF44AAB2C9C0DF1B408FFF78EBA91
:10CF50000F4A2B9B0F9201330F9A2C44072BCDE9DC
:10CF60002B34C8E900257FF759A82CE40E9B0A99B9
:10CF700053F8042B5F4611600E93FFF770B800BFA3
:10CF8000676666663C50010850500108645001080D
:10CF900080500108102B40F393845146BC4ACA4686
:10CFA00009971026174689462B9B0F9205E008F13A
:10CFB0000808103D102D40F32A8201331034072B4E
:10CFC000CDE92B34C8E90076F1DD494650462AAA5E
:10CFD00006F0D8FB002840F01383DDE92B340DF177
:10CFE000B408E6E73846FDF70BFB2B4602460995E9
:10CFF000FFF7EEB8079B002513F4007F0E9B53F854
:10D00000044B0E9318BFE4B295E60E9A089B52F8B3
:10D01000044B13F4007F4FF000054FF001030E9214
:10D0200018BFE4B2FFF7F4B8079B002513F4007FA4
:10D030000E9B53F8044B0E9318BFE4B2FFF7E3B80E
:10D04000079B13F4007F0E9B53F8044B18BF64B288
:10D05000E5170E9322462B46FFF771B88C4B2B9A9F
:10D060000F93FFF7A5BA484651462AAA06F08AFB55
:10D0700000283EF4FDAFFFF7B6BA139ABD18AD1BFA
:10D08000D31A9D42A8BF1D464FE40E9B0A9953F840
:10D09000042B5F4611800E93FEF7E1BF30238DF81D
:10D0A0008C3058238DF88D30079B43F00204099B88
:10D0B000632B00F3ED8200233DAF0D93079BDDE969
:10D0C000141243F4817312931346002B26F02005AB
:10D0D0000794C0F255820F93002308950C911E937C
:10D0E000612E00F07B83412E7FF476AD24AA0C984C
:10D0F0000F9903F02BF900224FF07F53F3F7E4F977
:10D1000004460D4600220023CDE91045F3F744FC08
:10D1100008B1012324935F4B0C93099BCDF83CB0DD
:10D12000013B1396CDF87C90CDF880A02197BA46AC
:10D13000DDE910679946DDF830B0CDF8588006E09B
:10D1400000220023F3F728FC09F1FF39E8B9002297
:10D15000514B30463946F3F7B7F90D460446F5F71B
:10D160005FF88046F3F746F90B460246294620460B
:10D17000F2F7F2FF1BF80830B9F1FF3F55460646BB
:10D180000F464C460AF8013BDAD1304639460022B8
:10D19000424BDDF83CB0139ECDF83CA0CDF84C805E
:10D1A000CDE91001DDE91F9ADDF85880219FF3F7E2
:10D1B0001BFC002840F05082DDE910010022374BB3
:10D1C000F3F7EAFB18B1139BDB0700F14582002C53
:10D1D00008DB30220F99631C0B4401F8012B8B42B2
:10D1E000FBD10F910F9B079DDB1B1393129B0793A2
:10D1F0001AE5514648462AAA06F0C4FA00287FF4E8
:10D20000ECA9DDE92B34249A0DF1B408FFF7CEBA6E
:10D21000DBF8580002F08CF8FEF77ABE249BD81C8D
:10D22000109302DB099A934204DD023E26F02003AC
:10D23000089303E5109B13998B42C0F2AB81EA0778
:10D2400040F1E482179A13440C936E0540F1E18299
:10D25000109B002B00F3948267260C9B23EAE37358
:10D2600008930023129316934CE52D2200238DF88A
:10D270008B200993FEF742BF289BA342BFF4D2AC98
:10D2800030215A1C28921970289B9C42F9D8C9E475
:10D290008050010850500108000030400000E03F7D
:10D2A0002D231A468DF88B30FEF713BF1D9B1C995A
:10D2B000FF1A1A46384603F0EBF898F801300BB124
:10D2C00008F101080A22002320462946F4F7F0FF5E
:10D2D0004FF0000BDFE5139B4246DDF85880FB184A
:10D2E0000993CDF830B00F972046DDF874B01A9F3F
:10D2F000129BB8F1000F2DD0002B6DD1013F08F12A
:10D30000FF382B9B1C9901335844072BC2E9001BA3
:10D310002C902B9364DC083209993B788D1B9D423D
:10D32000A8BF1D46002D0ADD2B9B28440133072B87
:10D33000C2E900652C902B935DDC3B780832002D10
:10D34000B4BF1D465D1B002D15DC1E44129BB8F1B9
:10D35000000FD1D1002B3FD1139B1A970F9F9046FE
:10D36000FB189E42324628BF1A4604461646DDF890
:10D3700030B0FFF7AFBA102D40F36A822B9910241A
:10D380000B4604E0103D102D02F1080216DD0133BA
:10D39000B0491030072BCDE92B30C2E90014F1DD84
:10D3A000514648462AAA06F0EDF900287FF415A94F
:10D3B000DDE92B30103D102D2DAAE8DC19464B1C61
:10D3C000A4492844072BCDE92B30C2E900153EDCE7
:10D3D0003B7808321E44B9E7129B013B129390E759
:10D3E000514648462AAA06F0CDF900287FF4F5A850
:10D3F0002C982DAA90E7514648462AAA06F0C2F971
:10D4000000287FF4EAA83B782C982DAA97E74A4693
:10D41000D1469246099F01330F9A2C44072BCDE940
:10D420002B34C8E9002500F3428108F10808FFF712
:10D430004ABA514648462AAA06F0A4F900287FF4C1
:10D44000CCA8249A2C9C0DF1B408FFF748BB514698
:10D4500048462AAA06F096F900287FF4BEA83B7831
:10D460002C982DAA1E4471E7514648462AAA06F078
:10D4700089F900287FF4B1A82C9C0DF1B408FFF7BE
:10D480001ABA514648462AAA06F07CF900287FF4C9
:10D49000A4A8249B2C9C0DF1B408FFF731BA099C79
:10D4A00028A9CDE90004049125A824A9CDE90210FA
:10D4B000484600F0A5FB472D07461AD1079D2B468D
:10D4C000DB0700F1A180129A289B0792472208925D
:10D4D000FFF7A8BB0320099C28A9CDE9000404910B
:10D4E00025A824A9CDE902100F9B484600F088FB2F
:10D4F0000746099B462D07EB03047FF486AB3B7878
:10D50000302B00F0B081249B129A079D1C44079297
:10D51000FFF77EBB099B9DF88B2008930C93099025
:10D520000E94129016901090FEF7E5BD249A002AF2
:10D53000109240F3AF81099905F001030B4340F0CD
:10D5400047816626109B0C936A0500F11A810C9B9B
:10D5500023EAE373089384E6DDE92B21FFF7F3B8B0
:10D56000514648462AAA06F00DF900287FF435A84E
:10D57000249B139A2C9C0DF1B408D31AFFF7D5B94C
:10D5800008952D23DDE914121E9302F100430C913E
:10D590000F93A5E5139B179A9A18109B0C92002BDA
:10D5A00040F358816726CFE700230993FEF71ABCA2
:10D5B0005542103280F2A1815146264ACA46099747
:10D5C0001026174689460F9204E008F10808103D1E
:10D5D000102D79DD01331034072BCDE92B34C8E948
:10D5E0000076F2DD494650462AAA06F0CBF838B953
:10D5F000DDE92B340DF1B408E9E7D146FEF7EEBFC3
:10D60000CB46D146FEF7EABF099B079DFC18129B4B
:10D61000079347230893FFF7FBBA2B9BFFF71EB92D
:10D62000DBF86430DB0707D4BBF80C309F0503D46C
:10D63000DBF8580001F07CFE4FF0FF330A93FEF751
:10D64000DFBF044B2B9A0F93FEF779BF079B08931C
:10D65000FFF78EB8805001080F9B0C99289513F89E
:10D66000012CC97B8A4240F02981302003F8010C4B
:10D67000289B5A1E289213F8012C9142F6D0392A81
:10D680000BBF0C9A0132927AD2B203F8012CA9E5B1
:10D690004846591CFCF79EFA0746002800F02481F2
:10D6A0000D900BE530238DF88C307823FAE4514649
:10D6B00048462AAA06F066F800287EF48EAF2C9C15
:10D6C0000DF1B408FFF7FFB84A46D1469246099FCC
:10D6D00001330F9A2C44072BCDE92B34C8E90025E0
:10D6E0007FF713AA514648462AAA06F04BF80028AD
:10D6F0007EF473AFDDE92B340DF1B408FFF759B8B0
:10D70000002B08BF01230993079B43F480731293F6
:10D71000159B002B0C93C0F2BB800224099D28A806
:10D7200025AA24ABCDE90320CDE90045DDE9144568
:10D73000029322462B4648460D9100F061FA0C9B5D
:10D7400007460F930D9B0C941E93B7E6062309938F
:10D75000FFF733BA159B0320002BB8BF2D234FF0E2
:10D760000001BABF1A468DF88B309DF88B20664FAA
:10D77000664B08900D91FEF7B2BCD346FEF733BF5F
:10D7800067261A990B78FF2B00F0AA800024109AC4
:10D79000204603E001300131FF2B08D0934206DA26
:10D7A000D21A4B78002BF5D10B780134F4E71A919B
:10D7B000109216901294129A169B0C9913441D9A6B
:10D7C00002FB03130C9323EAE3730893FFF79ABA5F
:10D7D000179B6626D31819440C91B5E624AA0C9819
:10D7E0000F9902F0B3FD00224FF07F53F2F76CFE69
:10D7F00004460D4600220023CDE91045F3F7CCF88E
:10D8000008B101232493424B0C9386E4109B0C93A4
:10D810001BE567269BE6002937D130228DF89A2038
:10D820000DF19B02303302F8013B26ABD31A1B9358
:10D83000FFF750BA06F10F020121D2B2FFF707BA83
:10D8400000230D939DE6E9077FF54FAAFFF749BA3C
:10D850002B99B4E5C3F101031A4422EAE273672667
:10D860000C920893FDE4002200230C980F99F3F723
:10D8700093F800287FF447AE099BC3F1010324937A
:10D8800042E6244B0F93FFF77FBA0DF19A02C9E7E6
:10D890000D9076E6099A05F0010513462B4304D155
:10D8A0000123662608930C93DBE4179B662601335D
:10D8B0001A4422EAE2730C920893D2E40F9BDEE64C
:10D8C000144A2B9B0F92A6E50E9B9BF8016053F820
:10D8D000040B934640EAE07009900E93FEF780BA7D
:10D8E00000231293169366E7BAF80C30D34643F040
:10D8F0004003AAF80C30FEF776BE064A0F92E7E620
:10D9000002231B93FFF7E6B9345001083850010891
:10D910003C50010880500108F0B50C464FF4806C73
:10D920004FF0000E154606461F46636EADF26C4D75
:10D93000E28989891993E369ADF80E20626A21F0C2
:10D940000201079316A81AABADF80C10CDF818E039
:10D95000099200930493CDF808C0CDF814C001F0EB
:10D96000E1FC2A463B4669463046FEF7C9F9051EEA
:10D9700007DB3046694601F021F9002818BF4FF057
:10D98000FF35BDF80C305B0603D5A38943F0400397
:10D99000A381169801F0C8FC28460DF26C4DF0BD2D
:10D9A000F8B50F460026084D114604461A4638467B
:10D9B0002E60FAF7BBFD431C00D0F8BD2B68002B8E
:10D9C000FBD02360F8BD00BF0C25002038B5324BDA
:10D9D000054618680C4610B1836B002B3CD0B4F997
:10D9E0000C3018079AB20CD52169A9B112F00100C8
:10D9F00022D000256069A5604042A06111B30020DB
:10DA000038BDD1063FD5520729D4216943F0080318
:10DA1000A3819AB20029E9D102F42070B0F5007F09
:10DA2000E4D02846214601F0C9FCB4F90C30216944
:10DA30009AB212F00100DCD1950758BF6069A0606E
:10DA40000029DCD1120658BF0846D9D543F040035F
:10DA50004FF0FF30A38138BD01F00CF9BFE7216B17
:10DA600051B104F14002914204D0284601F0A2F9DC
:10DA7000B4F90C30002222630022216923F0240330
:10DA8000C4E90012C2E7092243F040032A604FF0C4
:10DA9000FF30A38138BD00BF54000020024B13B1FA
:10DAA000024800F005B8704700000000E9EC0008EB
:10DAB000002301461A46184605F07CBE002238B500
:10DAC000064D044608462A60FAF744FD431C00D080
:10DAD00038BD2B68002BFBD0236038BD0C250020FF
:10DAE0002DE9F04F03690D6983B0AB42C0F2848029
:10DAF000013D01F1140600F1140956F8253059F8DA
:10DB0000252001338E46A90000919A4209EB850138
:10DB10008246B2FBF3F706EB8508019137D300226A
:10DB2000B446144648465CF8043B01681FFA83FB80
:10DB300007FB0B221B0C4FEA124B07FB03BB93B2F4
:10DB4000E31A8AB21FFA8BF41344C4EB114404EBBA
:10DB500023449BB243EA0443E04540F8043B4FEAC8
:10DB600024444FEA1B42DED2009B59F8033073B9BC
:10DB7000019B043B994504D307E0994505F1FF3526
:10DB800003D253F80429002AF7D0CAF8105071467E
:10DB9000504601F0B1FF00282ADB48460023013738
:10DBA00056F8041B04688AB29A1A0B0CA1B20A44F4
:10DBB000C3EB144303EB224392B242EA0342B04563
:10DBC00040F8042B4FEA2343EAD259F8252009EB09
:10DBD00085036AB9043B994504D307E0994505F1EB
:10DBE000FF3503D253F80429002AF7D0CAF81050A1
:10DBF000384603B0BDE8F08F002003B0BDE8F08FD9
:10DC00002DE9F04F16461F46016C9BB00446CDE946
:10DC10000467279D41B10123426C9340C1E9012370
:10DC200001F01EFD00232364B7F10009B4BF0123F6
:10DC300000232B60764BBCBF29F00049CDF814902F
:10DC400033EA090300F0AB80DDE9042310461946EE
:10DC500000220023CDE90601F2F79EFE804670B156
:10DC60000123269A1360289B002B00F0C582694887
:10DC70001860431E039303981BB0BDE8F08F18AAE9
:10DC800019ABCDE90032DDE90623204602F07AF82F
:10DC90005FEA1955824640F09880DDE918854544D1
:10DCA00005F23240202840F38983C0F1400305F299
:10DCB000124009FA03F926FA00F049EA0000F2F7E7
:10DCC00089FB0122013D1092A1F1F8710022524B13
:10DCD000F2F742FA48A3D3E90023F2F7F5FB48A391
:10DCE000D3E90023F2F73AFA064628460F46F2F740
:10DCF00081FB45A3D3E90023F2F7E6FB02460B467E
:10DD000030463946F2F72AFA06460F46F4F788FA03
:10DD100000228346002330463946F2F747FE0028AA
:10DD200040F05D82BBF1160F00F24B82DDE9060187
:10DD30003A4B03EBCB03D3E90023F2F737FE00287D
:10DD400072D00023A8EB0505B5F101090BF1FF3BEB
:10DD50000D9300F13E8200230993BBF1000F6BDAB3
:10DD6000099BCDF820B0A3EB0B030993CBF1000383
:10DD70000C93249B4FF0000B092B65D8052B40F327
:10DD80001B830025043B2493249B023B032B00F2BE
:10DD90006286DFE813F03B0438042F040F0442F2DC
:10DDA0000F73269AC9F31309136059EA06031CD1AD
:10DDB000289B002B00F04686194B03930833289AC2
:10DDC000039813601BB0BDE8F08FDDE90612C2F3C3
:10DDD0001303084643F07F51CDF84080A5F2FF358C
:10DDE000DDF8608041F4401170E7289B002B40F083
:10DDF000D1830C4B03933EE761436F63A787D23F08
:10DE0000B3C8608B288AC63FFB799F501344D33F29
:10DE10000000F07F6D5001080000F83FE05101085C
:10DE20009851010894510108A8EB0505B5F10109C5
:10DE300000F196840D90099000230C93249BD94403
:10DE4000092BCDF820B099D94FF0FF3601250023DA
:10DE5000CDE90A652493259300211196616420463B
:10DE600001F0D8FB0E2E0390206400F2F280002D0A
:10DE700000F0EF800899002940F34084B94B01F08D
:10DE80000F0203EBC203CA054FEA2115D3E900676D
:10DE900040F1DB83DDE90601B34B05F00F05D3E963
:10DEA0000823F2F73BFC0323CDE912010E93A5B141
:10DEB0001494DFF8B4820E9CEB0708D5D8E9002350
:10DEC00030463946F2F700FB06460F4601346D1026
:10DED00008F10808F0D10E94149C3B46DDE91201CC
:10DEE0003246F2F71BFC074688460D9B43B10022E1
:10DEF000384641469D4BF2F759FD002840F02E85EB
:10DF00000E98F2F777FA3A464346F2F7DDFA984B65
:10DF10000022F2F723F9A1F15073CDE90E010F931E
:10DF20000A9B002B00F0CC83089B14930A9B12934E
:10DF30000B9B002B00F09684129A8A4B002003EB77
:10DF4000C20353E902238B49F2F7E8FBDDE90E2314
:10DF5000F2F702F902460B4638464146CDE90E2358
:10DF6000F4F75EF91590F2F745FA02460B4638468B
:10DF70004146F2F7F1F8159B039D303306460F46F4
:10DF8000024605F8013B0B46DDE90E01F2F72CFDD8
:10DF9000002840F024850023CDE916B9CDF854A01F
:10DFA0009846DDE90EABDDF848900E9428E0C845B0
:10DFB0004ADA5046594600226F4BF2F785FA0022A2
:10DFC0006D4B82468B4630463946F2F77DFA0F4656
:10DFD0000646F4F725F90446F2F70CFA02460B461A
:10DFE00030463946F2F7B8F8303452465B4605F809
:10DFF000014B06460F46F2F7D9FC002840F0EC84AE
:10E0000032463B4600205949F2F7A6F852465B4695
:10E01000F2F7CCFC08F101080028C8D0149BDDF809
:10E0200054A00E9C039A089302E0954200F0BE842F
:10E03000A94615F8013D392BF7D00133DBB22B701F
:10E04000089B01330893A0E1DDF854A00E9CDDE9A4
:10E0500016B9199B002BC0F29380089A0E2A00F380
:10E060008F80404B03EBC203D3E90023CDE90423A7
:10E07000259B002B1ADA0A9B002B17DC40F0A784A3
:10E08000DDE9040100223D4BF2F71EFA02460B4681
:10E09000DDE90601F2F794FCDDF82880454600280A
:10E0A00000F04182259B039FDE4344E2DDE90467E3
:10E0B000DDE9060132463B46F2F730FBF4F7B0F8F3
:10E0C0008046F2F797F932463B46F2F7FDF90B46E8
:10E0D0000246DDE90601F2F73FF8039D08F130033F
:10E0E00005F8013B0A9B012B00F07183CDF818A0C5
:10E0F0004FF00109AA469B4609941BE032463B4675
:10E1000020462946F2F70AFBF4F78AF88046F2F730
:10E1100071F932463B46F2F7D7F90B4602462946DB
:10E120002046F2F719F808F13003D9450AF8013B07
:10E1300000F049830022104BF2F7C6F900220023B9
:10E1400004460D46F2F728FC09F101090028D5D054
:10E150005546099CDDF818A0089BA9460133089391
:10E1600013E100BFE0510108B85101080000F03F81
:10E1700000001C400000E03F00002440000014406C
:10E180000B9A002A3ED0249A012A40F37C820A9BF3
:10E190005F1E0C9BBB4280F256820C9B0C97FB1AB5
:10E1A00000279B440A9B002BC0F23F83099A9944A5
:10E1B00016461A4409920121204601F039FB054612
:10E1C00023E00123A8EB0505B5F101090D937FF5C7
:10E1D000C2ADC5F101034FF000090993BDE55846F2
:10E1E000F2F708F932463B46F2F7D6FB00287FF4F7
:10E1F00099AD0BF1FF3B95E5BF4B039303981BB023
:10E20000BDE8F08F0C9F099E0B9D002E0CDDB9F12F
:10E21000000F09DD4E453346A8BF4B46099AF61A52
:10E22000D21A0992A9EB03090C9BD3B10B9B002BCB
:10E2300000F0A981002F10DD29463A46204601F062
:10E24000A3FB524601460546204601F0FBFA034671
:10E25000514620469A4601F003FA0C9BDA1B40F027
:10E2600093810121204601F0E3FABBF1000F8046C3
:10E2700000F3A980249B012B40F39081002701200B
:10E28000BBF1000F40F0AA80484410F01F0000F0DE
:10E290009180C0F12003042B40F3D883C0F11C000F
:10E2A000099B0644034409938144099B002B05DD27
:10E2B00051461A46204601F0B7FB8246B9F1000FDD
:10E2C00005DD41464A46204601F0AEFB80460D9BE7
:10E2D000002B40F03D810A9B002B40F30F810B9BEC
:10E2E000002B40F08D80089B013308930126039F8B
:10E2F000DDF8289007E0514600230A22204601F06D
:10E30000B9F98246013641465046FFF7E9FB4E45D2
:10E3100000F1300307F8013BEDDB0A9A0026002AE2
:10E32000CCBF93464FF0010B039A93445146012210
:10E330002046049301F078FB4146824601F0DCFB65
:10E34000002840F38E811BF8013C039A0BF1FF3B40
:10E3500004E05A4500F090811BF8013D392B0BF188
:10E360000109F6D001338BF800304146204601F018
:10E3700077F955B12EB1AE4203D03146204601F0B7
:10E380006FF92946204601F06BF95146204601F00D
:10E3900067F9002389F80030269B1A46089B136012
:10E3A000289B002B3FF467AC0398C3F800901BB088
:10E3B000BDE8F08F1C2073E70125E5E4C0F12000E3
:10E3C00006FA00F07BE401465A46204601F0DCFAEA
:10E3D000249B8046012B40F3C5810027D8F81030DC
:10E3E00008EB8303186901F0D3F9C0F120004BE773
:10E3F000249B022B00F31D83119BCDF820900A93E0
:10E40000089B01330893002E00F31681002F40F083
:10E41000F8812F460399049B0E4603F001024B1E20
:10E4200024990C920A430B920A9A1A440A92414682
:10E430005046FFF755FB29468346504601F05CFBEA
:10E440003A4641468146204601F074FBC2680146C7
:10E450000BF13003002A42D106905046099301F097
:10E460004BFB06990490204601F0FAF8049A099BA8
:10E470001AB90B99002900F0C282B9F1000FC0F25D
:10E480008781249941EA09090C9951EA090100F0B0
:10E490007F81002A00F3CD810A9A06F10109B24278
:10E4A000CB46337000F0CF81514600230A2220462C
:10E4B00001F0E0F8BD42824629464FF000034FF0DC
:10E4C0000A02204612D001F0D5F83946054600234D
:10E4D0000A22204601F0CEF84E460746A7E720461E
:10E4E000049301F0BDF80122049BC6E701F0C2F8D5
:10E4F0004E46054607469AE76C500108249B022BBE
:10E5000040F387800A9B002B7FF4CCAD4146052267
:10E51000204601F0AFF880465046414601F0ECFA43
:10E5200000287FF7BFAD039F31223B46089E03F8CA
:10E53000012B013603934146204601F091F8731CEC
:10E54000DDF80C9008930397002D7FF41AAF1CE7B9
:10E550004146504601F0D0FA0028BFF6BCAE514605
:10E5600000230A22204601F085F8089B824603F129
:10E57000FF390B9B002B40F04982119B002B40F38D
:10E5800052820A93B2E60C9A5146204601F0FCF9F9
:10E59000824666E6AD4B0393033310E4DDE90412D3
:10E5A00000297FF46BAEC2F31303002B00F0E4806C
:10E5B000049F64E601230B93259B089A134411934F
:10E5C0000133012B1E46B8BF01260A930021172EE6
:10E5D000D8BF0A9E61647FF742AC012204235B002E
:10E5E00003F11400B042114602F10102F7D90A9E6C
:10E5F000616434E401230B93259B002B2CDD1E4624
:10E6000011930A93E2E700230B93D5E700230B93C2
:10E61000F2E70B9B002B7FF4F3AE41465046FFF729
:10E620005FFA089ADDF80CB000F1300301320026E1
:10E6300008920BF8013B79E629463246204601F064
:10E64000F3F90546E2E6DF1BACE5DDE90623CDE99B
:10E65000122302230E932AE4012625960A96FFF739
:10E66000FBBB03D1049BDB073FF56DAED9461BF81E
:10E67000013D302BFAD078E63123089A0132089216
:10E68000039A137071E6109A002A00F05781099AD4
:10E6900003F2334316461A440C9F994409928AE5C3
:10E6A0000E98F1F7A7FE3A464346F1F70DFF684B87
:10E6B0000022F1F753FDA1F15073CDE90E010F9344
:10E6C000384641460022634BF1F746FDDDE90E2353
:10E6D00006460F46F2F788F98046002840F073811D
:10E6E000DDE90E01024601F1004330463946F2F7FA
:10E6F0005DF900283FF4ADAC4546D3E400F0288135
:10E70000DDE90601089B5D42534B05F00F0203EB68
:10E71000C203D3E90023F1F7D7FE2D11074688463F
:10E7200000F08C810222CDE912780023A046144625
:10E730004A4EEF0705D5D6E90023F1F7C5FE0123C0
:10E740001C446D1006F10806F3D10E944446DDE931
:10E750001278002B3FF4C9AB07468846FFF7C5BBCC
:10E760000D9036E5DDE9041200297FF436AEC2F3E0
:10E770001303002B7FF431AE394F1740002F3FF4C5
:10E780007EAD099B01270133099309F1010976E563
:10E79000002A12DD514601222046049301F044F97B
:10E7A0004146824601F0A8F90028049B40F32181EC
:10E7B000392B00F001810BF13103B1462E4609F8E7
:10E7C000013B3D46D1E55546099CDDF818A00246BF
:10E7D0000B46F1F7C3FCDDE9042306460F46F2F7CA
:10E7E00003F960B9DDE9042330463946F2F7D4F87D
:10E7F00000283FF4B1AC18F0010F3FF4ADAC039A20
:10E8000016E46968204600F005FF06462B6905F10D
:10E810000C0102339A000C30F3F7AEFB31460122B3
:10E82000204601F001F90746F4E5DDE909329E1AB8
:10E83000C1E4392B00F0C080B14601332E4609F8FF
:10E84000013B3D4691E52E463D466FE5945101085A
:10E8500000001C4000001440E0510108B8510108BC
:10E860000000F07F12988449DDE90E2301EBC0011E
:10E8700051E90201F1F728FE02460B4638464146AF
:10E88000CDE90E23F3F7CCFC0646F1F7B3FD0B46BA
:10E89000024641463846F1F75FFC06F13003064672
:10E8A0001298039D01280F4605F8013B22D0129BC8
:10E8B000039ACDF848B01344984600226F4B304677
:10E8C0003946F1F701FE0F460646F3F7A9FC8346E9
:10E8D000F1F790FD02460B4630463946F1F73CFC15
:10E8E0000BF1300B05F801BB454506460F46E4D158
:10E8F000DDF848B00022DDE90E01614BF1F72EFC96
:10E9000032463B46F2F752F800286DD1DDE90E237E
:10E9100000205B49F1F720FC32463B46F2F764F8F1
:10E9200000283FF496AB15F8013CA946302B05F1C1
:10E93000FF35F8D0149B0133089326E5189B099AFC
:10E94000C3F1360316461A440C9F9944099232E4E7
:10E950000223DDE906780E93FFF7C7BA0A9B002B66
:10E960003FF49EAE119D002D7FF773AB434B3846AD
:10E9700041460022F1F7A8FD0246884617460E9848
:10E980000130F1F737FD3A464346F1F79DFD00228D
:10E990003C4BF1F7E3FB089AA1F15073013ACDE942
:10E9A0000E0114920F931295FFF7C2BA089B013320
:10E9B00008933123FFF743BBB34639232E460BF8A8
:10E9C000013B3D46C1E44FF000084546ABE54FF042
:10E9D00000084546FFF766BBDDF854A00E9C149B6B
:10E9E000A94601330893D0E4149B039A0893FFF7D8
:10E9F0001FBB7FF4E2AEDA077FF5DFAED8E6392B36
:10EA0000DAD0B9F1000F3FF7D6AED6E6294600239B
:10EA10000A22204600F02EFE119B0546002B7FF7B0
:10EA2000E7AC0A93EFE4249B022B02DCCDF82090A4
:10EA3000F3E5119BCDF820900A9363E502230E9332
:10EA4000FFF753BA104B0393FFF715B93FF42DAC02
:10EA5000C0F13C0024E4002520462946656400F00E
:10EA6000D9FD4FF0FF3311930A93012303902595AD
:10EA700020640B93FFF7EDBAE05101080000244039
:10EA80000000E03F00001C4098510108B1F90C2043
:10EA90002DE9F0410D461107804647D46B6842F4DA
:10EAA0000062002BAA815EDDAC6A002C58D00023E6
:10EAB000D8F80060C8F8003093B212F4805256D1F2
:10EAC00001234046E969A047431C67D0AB89AC6A83
:10EAD0005F0705D56A682B6B801A0BB1EB6BC01A08
:10EAE0000246E96900234046A047411C41D1D8F8BD
:10EAF0000030002B3DD01D2B01D0162B56D100210C
:10EB00002A69AB89C5E9002123F40063AB81296B35
:10EB1000C8F8006021B305F14003994202D0404695
:10EB200000F048F900202863BDE8F0812F69BFB1EB
:10EB300093B29A0718BF00232E6808BF6B692F6035
:10EB4000F61BAB600AE033463A466C6A4046E96918
:10EB5000A047041EA6EB0406274417DD002EF2DCB6
:10EB60000020BDE8F081EB6B002B9DDCF8E7286D01
:10EB7000AEE70021B5F90C302A6923F40063AB81BC
:10EB8000DB04C5E90021C2D52865C0E7AB894FF099
:10EB9000FF3043F04003AB81BDE8F081D8F800308E
:10EBA000002B93D01D2B06D0162B04D0AB8943F03D
:10EBB0004003AB81D5E7C8F80060D1E738B50C4613
:10EBC000054608B1836BA3B1B4F90C00B8B1636E0C
:10EBD000DB0701D4810515D528462146FFF756FFEE
:10EBE000636E0546DA0702D4A3899B050ED5284635
:10EBF00038BD00F03FF8B4F90C000028E7D1054615
:10EC0000284638BDA06D00F091FBE5E7A06D00F04F
:10EC10008FFB284638BD00BF002310B50446C0E96D
:10EC20000033C0E904338181C281194683604366A1
:10EC3000836108225C30FBF77BFA07480749084AE2
:10EC4000084BC4E90740C4E90912E36204F1580023
:10EC5000BDE8104000F066BB71A5000899A500084A
:10EC6000D9A50008F9A50008014900F01FBB00BFA5
:10EC7000A138010810B50446134800F057FBA26BF9
:10EC8000EAB90320114904F53B73C4F8E832C4E93A
:10EC9000B820E16360680421FFF7BEFFA06801228D
:10ECA0000921FFF7B9FFE06802221221FFF7B4FF44
:10ECB00001230548A363BDE8104000F039BB0248BA
:10ECC000BDE8104000F034BBF424002069EC0008DB
:10ECD000014800F02BBB00BF08250020014800F0D0
:10ECE00027BB00BF0825002038B5084B084D5B1B2B
:10ECF0009C1007D0043B1D44013C55F8043998474B
:10ED0000002CF9D1BDE8384005F0DEBB44570108BE
:10ED100040570108F8B50C46234F0646FBF758FA52
:10ED2000BB68C4F57E615D680F3125F003054B19A2
:10ED300023F47F6323F00F03A3F58054B4F5805FC1
:10ED400007DB00213046FBF7B9FABB682B44984239
:10ED500004D03046FBF742FA0020F8BD304661424D
:10ED6000FBF7ACFA01300DD0104AB96813682D1BBF
:10ED700045F0010530461B1B4D601360FBF72EFA72
:10ED80000120F8BD00213046FBF798FABA68831AD3
:10ED90000F2BDEDD064943F001030C680349001B1D
:10EDA00053600860D5E700BF80040020B424002031
:10EDB0008808002000295FD0F8B50C460646FBF70E
:10EDC00007FA54F8043CDFF8F4C1A4F1080023F07A
:10EDD00001014218DCF808705568974225F00305D8
:10EDE00000F08980DF07556034D454F8087C0CF1BA
:10EDF0000804C01B83683944A3426AD057197F684E
:10EE0000D0F80CE0C3F80CE0CEF80830FB0740F176
:10EE1000978041F0010343601160B1F5007F34D267
:10EE20000122DCF80440CB084909134402FA01F13D
:10EE300021430CEBC3025CF83340083AC0E90242BC
:10EE4000CCF804104CF83300E0603046BDE8F840E0
:10EE5000FBF7C4B953195B68DF070ED429440CF1E2
:10EE600008049368A34273D0D46841F00102DC60C7
:10EE7000A36042604150D0E7704741F00103B1F513
:10EE8000007F44F8043C1160CAD3B1F5206F4FEA0B
:10EE900051234AD28B0903F13905ED0003F1380201
:10EEA0005CF805300CEB0504083C9C4259D05A68CC
:10EEB00022F003028A4202D99B689C42F7D1DC68A7
:10EEC000C0E90234A060D8603046BDE8F840FBF7E6
:10EED00085B953195B68DB0766D4D2E9022329445C
:10EEE00041F00104D3609A60446041503046BDE86F
:10EEF000F840FBF773B9DB07294407D454F8084CF2
:10EF0000001BD0E902232144D3609A60294B41F0D1
:10EF100001021B6842608B42CCF8080095D8264B52
:10EF200030461968FFF7F6FE8FE7142B0AD9542BE9
:10EF300021D80B0B03F16F05ED0003F16E02AFE773
:10EF400029448EE703F15C05ED0003F15B02A7E7BE
:10EF500041F00103CCE90400C0E9024443604150A0
:10EF600073E70125DCF80410921005FA02F20A4357
:10EF7000CCF80420A4E7B3F5AA7F06D8CB0B03F1A5
:10EF80007805ED0003F177028AE740F2545293428C
:10EF900006D88B0C03F17D05ED0003F17C027FE7C1
:10EFA0004FF47E757E227BE741F0010343601160E0
:10EFB0004BE700BF8C080020E424002080040020E0
:10EFC0009368002B00F0BD802DE9F04F9046B1F919
:10EFD0000C200C461107814683B093B227D52269D5
:10EFE0002AB313F00207D8F800502FD04FF0000BCF
:10EFF0005F46DFF8B4A2002F00F0898057453B46FA
:10F000005A4628BF53464846E169666AB047002819
:10F0100040F38D80D8F8083083441B1A3F1AC8F893
:10F020000830002BE7D1002003B0BDE8F08F214667
:10F030004846FEF7CBFC002840F03281B4F90C20A2
:10F04000D8F8005093B213F00207CFD113F0010AA1
:10F0500079D15646002E56D09A05A76840F1BD805A
:10F06000B742BB4600F2D28013F4906F00F0D0801C
:10F07000D4E90417226807EB4707A2EB010B07EB63
:10F08000D7770BF101007F103044B8423A4684BF75
:10F0900007463A465B0540F1E78011464846FAF7D5
:10F0A00099FD002800F0F6805A4621690090F2F799
:10F0B00063FFA289009B22F4906242F08002A28149
:10F0C000A7EB0B0203EB0B006761B34637462361E6
:10F0D0002060A2605A46514600F032FAA2682368C6
:10F0E000D21B374600265B44A2602360D8F8082074
:10F0F000BA44D71BC8F80870002F94D0B4F90C306C
:10F100009BB2002EA8D1D5E900A60835A2E7D5E923
:10F1100000B708356FE729465A4600F011FA236810
:10F1200021465B4448462360FFF748FD58B3B4F9D5
:10F130000C304FF0FF3043F04003A38103B0BDE833
:10F14000F08F002070473E46AA4638463D4600975D
:10F150006EB3002835D0009A20682169B24228BFDA
:10F1600032468842636904D9A16803EB010B5A4512
:10F17000D1DC93426BDC2A464846E169676AB847AE
:10F18000B0F1000BD3DD009BB3EB0B03009357D022
:10F190000120D8F808305D44A3EB0B03A6EB0B0667
:10F1A000C8F80830002B3FF43EAF002ED1D10AF151
:10F1B000080353F8046C9A4653F8085C0833002E91
:10F1C000F7D032460A21284600F07AF900285ED0AE
:10F1D0000130431B1A460093BEE72068236998421A
:10F1E00018D86269B24215D86FF00043B34228BF05
:10F1F000334693FBF2F3676A02FB03F34846524639
:10F20000E169B847071E92DDF61B6FE73746B34644
:10F2100020685FE7B74228BF374651463A4600F0BC
:10F220008FF9A3682268DB1B3A44A3602260002B9D
:10F23000EAD121464846FFF7C1FC0028E4D076E732
:10F2400021464846FFF7BAFC0028A2D06FE72946BE
:10F250009346019200F074F9A1682368019A891A13
:10F260001A44A16022608EE7484600F07FFE034604
:10F2700000287FF425AF48462169FFF79BFD0C224B
:10F28000B4F90C30C9F8002023F0800351E7721C58
:10F29000009261E70C22B4F90C30C9F8002048E76D
:10F2A0004FF0FF30C0E600BF00FCFF7F2DE9F843C0
:10F2B000074688464FF0000900F53876D6E9015434
:10F2C000013D10D4A389013D012B08D9B4F90E30BA
:10F2D000013304D021463846C04749EA00096B1C77
:10F2E00004F16804EED13668002EE7D14846BDE847
:10F2F000F88300BF002100F001B800BFFF289DBFC8
:10F30000024BC05C00F008000020704791500108DB
:10F31000014B93F82801704794080020004870477B
:10F3200084090020704700BF704700BF704700BFCE
:10F33000704700BFF8B50F460026084D1146044639
:10F340001A4638462E60F9F711F9431C00D0F8BD73
:10F350002B68002BFBD02360F8BD00BF0C250020DC
:10F3600070B50C46B1F90E10154600291E4696B030
:10F3700014DB6A4604F07EFB00280FDB019A4FF491
:10F38000806302F47042A2F50052B2FA82F24FF4A6
:10F390000060520932602B6016B070BD0023A18955
:10F3A000336011F0800004D0402218462A6016B065
:10F3B00070BD4FF480632B6016B070BD70B58B8943
:10F3C0000C469D0782B007D5012201F143034A6133
:10F3D0000B600B6102B070BD01AB6A460646FFF7D9
:10F3E000BFFF009905463046FAF7F4FBB4F90C303C
:10F3F00070B11649009AF163019943F08003C4E9A2
:10F400000402A381206089B92B43A38102B070BD9F
:10F410009A05DFD4012123F0030304F1430243F0F2
:10F420000203A381616122602261D3E73046B4F90F
:10F430000E1004F001FF10B9B4F90C30E4E7A28912
:10F4400022F0030242F0010213B2DDE769EC00088A
:10F4500070B582B00646069C42B10C4D0094D5F8BA
:10F46000E450A847431C0BD002B070BD074B00947A
:10F470001146D3F8E450064A0123A847431CF3D1B0
:10F4800000228A232260336002B070BD94080020FD
:10F49000304D010882B049B15AB16BB113780B609D
:10F4A0001278101E18BF012002B0704701A9002A6F
:10F4B000F3D1104602B070476FF00100F4E700BFCF
:10F4C00070B48407CDB212D00346541E2AB90BE0A3
:10F4D0009A0718460CD0013C06D3184613F8012BA6
:10F4E000AA42F5D170BC7047002070BC704714462A
:10F4F000032C0DD8002CF7D00246031901E09A42E4
:10F50000F2D0104612F8011BA942F8D170BC704726
:10F5100006460A0292B22A4342EA02423368304661
:10F520005340A3F1013121EA030313F0803F06F1B8
:10F530000406E1D1043C032C3046EFD8DAE700BFE3
:10F540008842F0B40DD98B1883420AD9841832B19D
:10F55000224613F8014D994202F8014DF9D1F0BC51
:10F5600070470F2A0ED80346541E002AF7D00134E4
:10F570000C44013B11F8012BA14203F8012FF9D1F2
:10F58000F0BC704740EA01039B073ED1A2F1100393
:10F5900023F00F0401F1200727441B0901F1100497
:10F5A00000F1100554F8106C103445F8106C54F844
:10F5B0001C6C103545F81C6C54F8186C45F8186C28
:10F5C00054F8146CBC4245F8146CEBD1013312F0C2
:10F5D0000C0F01EB031102F00F0400EB031317D023
:10F5E0000E46043C24F0030CA5089C441C1F56F84E
:10F5F000047B44F8047F6445F9D16C1C03EB84035D
:10F6000001EB840102F00302AEE70346541EAEE7AD
:10F610002246A9E7C36C70B505460C464BB153F8BA
:10F62000240080B1026843F824200023C0E903339A
:10F6300070BD2122042104F003F90346E864002888
:10F64000EDD1002070BD012101FA04F6721D28469B
:10F65000920004F0F5F80028F3D0C0E90146E4E791
:10F6600031B1C36C4A6853F82200086043F8221095
:10F67000704700BF2DE9F04180461C4600200F4630
:10F680000E6914310D680130ABB202FB03432C0C40
:10F690001D0C02FB04549BB203EB0443864241F869
:10F6A000043B4FEA1444EDDC3CB1BB68B34207DDD8
:10F6B00007EB860301365C613E613846BDE8F081A8
:10F6C000796840460131FFF7A5FF05463A6907F121
:10F6D0000C01023292000C30F2F74EFCD8F84C309C
:10F6E0007A6853F82210396043F822702F46DFE71A
:10F6F0002DE9F0471F46254B07F1080C83FB0C3E14
:10F70000092F4FEAEC73064689469046089DC3EBE5
:10F710006E0338DD012400216400A34201F10101E0
:10F72000FADC3046FFF776FF0123B8F1090F0146F6
:10F73000C0E9043522DD09F1090A5546C14415F82E
:10F74000013B0A223046303BFFF794FF4D4501460E
:10F75000F5D1A8F10804544447450CDDA7EB080592
:10F76000254414F8013B0A223046303BFFF782FF64
:10F77000A5420146F5D10846BDE8F0874FF00908DB
:10F7800009F10A04E8E70021CBE700BF398EE3382E
:10F79000020C12040346CAB90304102013F07F4F71
:10F7A00004BF1B02083013F0704F04BF1B0104306C
:10F7B00013F0404F04BF9B000230002B05DB13F019
:10F7C000804F00F1010008BF202070470020E5E7CE
:10F7D0000368014613F0070207D0DA0720D4980720
:10F7E00022D55B0801200B60704798B2A8B1104683
:10F7F00013F0FF0F04BF1B0A08301A0704BF1B09D0
:10F8000004309A0704BF9B080230DA0703D45B0870
:10F8100000F1010006D00B60704710201B0CE7E7D9
:10F8200000207047202070479B0802200B60704723
:10F8300010B50C460121FFF7EDFE0122C0E90424BA
:10F8400010BD00BF2DE9F04F0D6917690E46BD428E
:10F85000144685B005DB3A4623462F460C4615462E
:10F860001E46A368616807EB05084345B8BF013130
:10F87000FFF7D0FE00F1140909EB880AD145019089
:10F8800005D24B46002243F8042B9A45FBD806F1DB
:10F89000140E0EEB850B04F11403DE451A4603EB40
:10F8A00087075FD23B1B153B23F00303043315345A
:10F8B000A74238BF0423CDE902A89846924605E046
:10F8C000000C29D1F34509F1040949D95EF8040B6C
:10F8D00086B2002EF4D055464C46002355F8041B42
:10F8E00020688AB21FFA80FC06FB02C2090C000CD9
:10F8F00006FB0101134401EB13429BB243EA0243AE
:10F90000AF4244F8043B4FEA1243E7D849F80830C5
:10F910005EF8040C000CD5D0D9F8003054461E46D1
:10F920004D464FF0000C2288360C00FB02669BB25D
:10F93000B44443EA0C4345F8043B54F8043B2E68B6
:10F940001B0CB2B200FB0323A74203EB1C434FEA9C
:10F95000134CE8D8F34549F8083009F10409B5D843
:10F96000DDE902A8B8F1000F03DC06E0B8F10108F8
:10F9700003D05AF8043D002BF8D00198C0F810804D
:10F9800005B0BDE8F08F00BF12F003032DE9F04190
:10F99000144607462ED10E46A4101CD0BD6C95B35C
:10F9A000E3074FF0000806D4641014D02868A8B10B
:10F9B0000546E307F8D52A4631463846FFF742FFA9
:10F9C000B6B17168FB6C641053F82120326043F8C3
:10F9D00021600646EAD13046BDE8F0812A46294634
:10F9E0003846FFF72FFF28600546C0F80080E0E7A3
:10F9F0000646D9E70B4A013B52F823200023FFF7C4
:10FA000039FE0646C8E701213846FFF703FE40F2FB
:10FA1000712101220023C0E904210546B864036076
:10FA2000BEE700BFA85201082DE9F0470E698B68B8
:10FA300006EB6216751C9D420C46904607464968C7
:10FA40004FEA621904DD5B009D4201F10101FADC1D
:10FA50003846FFF7DFFDB9F1000F00F114010EDDAC
:10FA60000B46002209F105094FEA890C00EB8909D0
:10FA700043F8042B4B45FBD1ACF114031944226924
:10FA800004F1140318F01F0803EB820C2CD08E46EF
:10FA90004FF0000AC8F120091A6802FA08F242EA97
:10FAA0000A024EF8042B53F8042B9C4522FA09FA5B
:10FAB000F2D8ACEB0403153B23F00303043304F149
:10FAC0001502944538BF0423BAF1000F18BF2E4623
:10FAD00041F803A0FB6C6268066153F822102160B4
:10FAE00043F82240BDE8F087043953F8042B9C45C5
:10FAF00041F8042FF9D8EDE730B40B6905460069E9
:10FB0000C01A11D11435143101EB830205EB8303C4
:10FB100001E09D4208D253F8044D52F8041D8C4276
:10FB2000F7D003D24FF0FF3030BC7047012030BC1B
:10FB3000704700BF2DE9F84F92460B6912698B465A
:10FB40009B1A002B19D101F114080AF1140908EBD2
:10FB5000820309EB820201E098457ED253F8044DFE
:10FB600052F8041D8C42F7D00CD242465B46C84680
:10FB7000D34691469A46012705E066DB01F1140859
:10FB80000AF114090027DBF80410FFF743FD00F128
:10FB90001406B4464D460024DBF81010DAF8103095
:10FBA00008EB810EC76009EB830AA8F1040757F838
:10FBB00004BF55F8042B1FFA8BF31C4493B2120CAC
:10FBC000E41AC2EB1B4202EB2442A4B244EA024311
:10FBD000AA454CF8043B4FEA2244E8D86FEA0902F0
:10FBE00009F101095244CA4522F0030505F1040553
:10FBF00038BF042522F0030238BF0022A844C645BE
:10FC00003544164418D92E46424652F8047BBBB2FE
:10FC100023441C1404EB17449BB243EA0443964567
:10FC200046F8043B4FEA2444EFD80EF1FF36A6EB2A
:10FC3000080626F003062E4423B956F8043D013980
:10FC4000002BFAD00161BDE8F88FD3460AF1140801
:10FC500001278A4601F1140995E70021FFF7DAFC34
:10FC600001220023C0E90423BDE8F88F0F4B0B40AD
:10FC7000A3F15073002B02DD0020194670475B4250
:10FC8000B3F1A07F4FEA235205DA4FF4002300209E
:10FC900043FA02F17047143A1E2AD6BF4FF00043D0
:10FCA000012223FA02F20021104670470000F07F83
:10FCB0002DE9F041076900F1140606EB870757F8B4
:10FCC000048C4046FFF764FDC0F120030A280B6056
:10FCD000A7F1040338DD9E4220D2B0F10B0357F8A0
:10FCE000081C28D0C3F1200C08FA03F821FA0CF004
:10FCF00048EA0008A7F1080248F07F55964245F40B
:10FD000040153AD257F80C2C01FA03F022FA0CF302
:10FD100003431C4620462946BDE8F081B0F10B03A1
:10FD200008D008FA03F0002340F07F551C4645F444
:10FD30004015EFE719460C4648F07F5545F440154D
:10FD400020462946BDE8F081C0F10B0128FA01F2F6
:10FD50009E4242F07F552CBF002257F8082C00F13C
:10FD6000150338BFCA4008FA03F345F4401543EAC7
:10FD7000020420462946BDE8F08101FA03F31C463F
:10FD8000C8E700BFF0B51C4683B001211746089EA6
:10FD9000FFF740FC2346C4F30A55C3F3130304469C
:10FDA0000DB143F48013002F01931AD068460097D9
:10FDB000FFF70EFD00282ED1DDE900236261002B44
:10FDC00014BF02210121A3612161ADB1A5F233432A
:10FDD00003443360099BC0F135001860204603B02E
:10FDE000F0BD01A8FFF7F4FC0123019A1946C4E90C
:10FDF00004322030002DE9D104EB8103A0F232401F
:10FE000030601869FFF7C4FCC0EB41112046099B24
:10FE1000196003B0F0BD019B0099C0F1200203FA04
:10FE200002F20A43C34001936261C8E72DE9F0433F
:10FE300083B0884669468146FFF73AFF04460D467F
:10FE4000404601A9FFF734FFD9F810200646D8F83C
:10FE500010000F46DDE90013121ACB1A03EB421310
:10FE6000002B0BDD05EB03594D4632463B46204641
:10FE70002946F0F753FC03B0BDE8F083C3EB03332E
:10FE800007EB03510F46F0E770B44C1E116902F105
:10FE90001403641103EB810101348B4200EB8404F1
:10FEA0000CD2051F53F8046B994245F8046FF9D83A
:10FEB0008B1A153B23F0030304331844844204D9FE
:10FEC000002340F8043B8442FBD870BC704700BF5D
:10FED00003694A11934200F1140009DA00EB83032D
:10FEE00002E053F8042DC2B98342FAD800207047CB
:10FEF00010DD11F01F010DD010B450F8224000EBBE
:10FF0000820324FA01F202FA01F18C420BD00120A3
:10FF100010BC704700EB8203E6E70120704753F8FE
:10FF2000042D002AF3D18342F9D8002010BC704779
:10FF3000F8B50F460026084D114604461A463846C5
:10FF40002E60F8F71BFB431C00D0F8BD2B68002B7C
:10FF5000FBD02360F8BD00BF0C250020024B0A46F1
:10FF60000146186800F002B8540000202DE9F84F4F
:10FF70001646002900F0BD8006F10B050C468046B0
:10FF8000FAF726F9162D5FD810252A46AE4260D81A
:10FF900054F8041CA4F1080921F00307974280F2E9
:10FFA0008680C94B09EB0700D3F808C0844500F0F0
:10FFB000B980D0F804C02CF0010303445B68DB0770
:10FFC00000F18C802CF0030C07EB0C03934280F2C1
:10FFD0001581CB070FD454F8083CA9EB030ADAF8D3
:10FFE000043023F003018C44BC44944538DA7B1878
:10FFF000934280F20F8131464046F9F7EBFD064609
:020000040801F1
:10000000E0B154F8043CA0F1080223F001034B4492
:10001000934200F0F9803A1F242A00F21C81132A2F
:1000200000F2CD800346224611681960516859607C
:1000300092689A6021464046FEF7BCFE4046FAF7B9
:10004000CDF83046BDE8F88F25F00705002D2A468B
:100050009CDA0C230026C8F800303046BDE8F88F43
:100060005646D0E90213CB60996056F8081FDAF8BB
:100070000C303A1F242ACB60996000F20781132AC2
:1000800040F2028123681B2ACAF808306368CAF864
:100090000C3000F21B8108340AF110032268674615
:1000A0001A606268D1465A60A26834469A607B1B27
:1000B0000F2BD9F8042021D802F001023A4309EBB2
:1000C0000701C9F804204B6843F001034B60264642
:1000D0004046FAF783F83046BDE8F88FC9078AD45E
:1000E00054F8083CA9EB030ADAF8041021F00301E4
:1000F0007DE71146BDE8F84FF9F76CBD02F001024B
:1001000009EB050143F001032A43C9F804204F44D9
:100110004B607B68404643F0010308317B60FEF78B
:1001200049FED4E7DCF804B005F110002BF0030B16
:1001300007EB0B0C84454DDAC9073FF55CAF54F86B
:10014000081CA9EB010ADAF8041021F003018B4422
:10015000BB4458453FF74BAF5646DAF80C1056F8FB
:10016000080F3A1F242AC160886000F2BD80132A5C
:1001700040F2B88021681B2ACAF808106168CAF8E2
:100180000C1000F2C18008340AF1100221681160DD
:1001900061685160A1689160ABEB05020AEB050153
:1001A00042F0010299604A60DAF80430404603F0F8
:1001B00001031D43CAF80450FAF710F84DE723680D
:1001C0001B2A03606368436049D804F1080200F108
:1001D000080329E7ACEB050209EB050142F0010237
:1001E00099604A6054F8043C404603F001031D4303
:1001F00044F8045CF9F7F2FF26462EE7D0E9021234
:100200001F46CA60916052E750F8043C23F0030394
:100210001F444CE75646DAF80C1056F8080F3A1F00
:10022000242AC160886027D8132A23D921681B2A71
:10023000CAF808106168CAF80C102FD808340AF1FF
:10024000100221681F4611606368D1465360A3689D
:10025000344693602BE72146FFF772F9EAE6A3687C
:10026000242A8360E368C36024D004F1100200F103
:100270001003D9E63246E4E7214630461F46D14610
:10028000FFF75EF9344612E7334607E7214630466A
:100290006746D146FFF754F9344608E7A168242A97
:1002A000CAF81010E168CAF8141023D010340AF10B
:1002B0001802C6E7236904F118020361616900F1BD
:1002C00018034161B0E600BF80040020A368242A1F
:1002D000CAF81030E368CAF8143021D010340AF19B
:1002E0001803DBE6324651E721463046FFF728F98E
:1002F000154B51E721690AF12002CAF8181061690B
:100300001834CAF81C109CE7A168242ACAF81010F7
:10031000E168CAF814100DD010340AF1180235E75C
:1003200022690AF12003CAF8182062691834CAF851
:100330001C20B3E621690AF12002CAF8181061698D
:100340001834CAF81C1021E780040020F8B51746BD
:100350000022DFF860C021F00043634504460D46EB
:100360003A6022DC844653EA0C0C1ED0DFF848C009
:100370000E4601EA0C0CBCF1000F09D100220C4B17
:10038000F0F7A2F86FF0350204460E4621F0004364
:1003900026F0FF461B1526F4E006A3F2FE3346F0D6
:1003A0007F55134445F400153B6020462946F8BDAF
:1003B00000005043FFFFEF7F0000F07FF0B40D78A6
:1003C00004465E2D21D000221646481C631E04F10F
:1003D000FF0103F8012F8B42FBD19DB1E74386F06B
:1003E00001026255411C11F8013C08462D2B01F118
:1003F000FF360FD05D2B03D00BB11D46F1E7304621
:10040000F0BC70470138F0BC704701224D781646A9
:10041000881CDBE70E785D2EEFD0B542EDDC05F1F0
:10042000010C04EB0C0303F8012BF8188642FADCEC
:10043000EB433344B542A8BF0023023103EB0C0564
:10044000D1E700BF004870470000C07F0EB40146EE
:1004500030B56FF000449CB01FAB0B4853F8042B31
:100460000A4D02910691006802A90193CDE9044565
:10047000079401F067FB0022029B1A701CB0BDE8D4
:10048000304003B0704700BF540000200802FFFF57
:1004900070B440EA0104A30722D1032A20D90B46F5
:1004A0000446194653F8046BA6F1013525EA060502
:1004B00015F0803F15D1043A032A194644F8046B1D
:1004C000EFD84D1E52B1234615F8011F561E03F8F2
:1004D000011B41B132461C46002AF4D170BC704762
:1004E00004464D1EEEE72244002EF7D003F8011B10
:1004F0009342FBD170BC70472DE9F0410D46904608
:10050000FFF7B4FB06460F46B8F1000F11D0C5F354
:100510000A53C3F16B03002B0BDD00241B0503F111
:100520007F5505F5401522462B46EFF7CDFF0646D1
:100530000F4630463946BDE8F08100BF000000009C
:100540002DE9F04F0025AF4C80462068A3B08A46C5
:100550001C46069207901E95FAF752F800220023D7
:1005600051468346CDE90423CDF874A00F4611F817
:10057000013B2D2B2FD8DFE813F09E002E002E001C
:100580002E002E002E002E002E002E00AC00AC00FF
:10059000AC00AC00AC002E002E002E002E002E0071
:1005A0002E002E002E002E002E002E002E002E00DB
:1005B0002E002E002E002E002E00AC002E002E004D
:1005C0002E002E002E002E002E002E002E002E00BB
:1005D0000F042E00050400220A92302B7BD000224B
:1005E0000B922F2B1C4640F30B854FF00009384629
:1005F0004E464D4612E00130082D1D90C8BF09EB54
:1006000089090478C6BF03EB4903A3F13009A2F1BD
:1006100030062F2C234605F1010574DD06EB86021A
:10062000392C03EB4202E6DD5A46079903F016FE29
:10063000002861D11D9B1A465B441D9312F80B40A4
:10064000002D40F0D485302C40F06F85C3F10102BD
:10065000981801331D931C78302CF9D0A4F1310384
:10066000082B00F243831D9F0023A4F1300E0125C7
:100670003C4600F1010B0893002006EB86060EEBCA
:100680004606631C1D936478A4F13002092A06D83B
:1006900096460130002A40F087841D9CF1E7652CC6
:1006A0004FF0010C00F08280452C38D1002D7DD117
:1006B0000B9B034379D1069B13B1069BC3F800A0A3
:1006C0004FF0000A4FF0000B5046594623B0BDE8EA
:1006D000F08F1D914AE77B7803F0DF03582B00F081
:1006E000448401371D973B78302BFAD0002B00F063
:1006F000D18001220B9274E70020652C834684464A
:100700000895D3D0D0E75A46079903F0A7FD0028F3
:1007100000F0D48008954FF0000BDC4658460023CB
:100720000C93002D00F092803046EFF753FE089CAA
:10073000CDE904012346002C08BF2B4608930C9BEF
:10074000102D2C46A3EB0B03A8BF1024092D0B93EF
:1007500014DD2D4B03EBC40353E91223EFF7B4FE72
:10076000024648468A469146EFF734FE02460B465B
:1007700048465146EFF7F2FCCDE904010F2D00F396
:10078000A6800B9B002B00F0ED830B9B40F34B836B
:10079000162B40F31E850B9AC5F12503934280F278
:1007A00033850B9B2C1B1C4497E00025DDF874A0BF
:1007B0000AF101031D939AF801402B2C00F093825B
:1007C0002D2C00F027824FF0000EA4F13003092BEE
:1007D00000F21B82302C05D11D9B01331D931C7828
:1007E000302CFAD0A4F13103082B98D81D9AA4F12B
:1007F0003001531C1D93547807922F2C0EDC00F00F
:100800000EBC00BF38540108E051010819460133FD
:100810001D934C78A2F130012F2C05DD01EB8102F4
:10082000392C04EB4202F1DD079A9B1A082B40F3A6
:10083000F68344F61F630C93BEF1000F3FF471AFD3
:100840000C9B5B420C93002D7FF46EAF0B9B03431C
:1008500020D1BCF1000F7FF42EAF692C00F0408452
:1008600000F3F982492C00F03B844E2C7FF423AF37
:10087000B5491DA803F0F8FB00283FF41CAF1D9BF1
:100880001B78282B00F08F85B048F9F75BF982467A
:100890008B4603E04FF0000A4FF0000B069A0AB1B6
:1008A0001D9B13600A9B002B3FF40EAF0BF100431E
:1008B0009B465046594623B0BDE8F08F1D9B0895D6
:1008C00003EB0B021D9213F80B408346DCE60B9BF7
:1008D0002C1B1C44002C40F3DF8214F00F000AD0C4
:1008E000DDE904239A4901EBC001D1E90001EFF7EA
:1008F000EBFDCDE9040134F00F0340F07D820023CD
:1009000007932B4639464046089A0096FEF7F0FEBC
:100910001390002800F0FE8300220C9B1746ABEBDF
:1009200003010B9B91469342A8BF114623EAE37350
:100930000E911093139C40466168FEF76BFE834650
:10094000002800F04281DDE90456226904F10C011F
:10095000023292000C30CDE90856F1F70DFB20A8C9
:100960001FA9CDE900102A4633464046FFF70AFA90
:100970001E90002800F0188101214046FEF758FF24
:100980008146002800F021811F9B002BC0F21081BE
:100990000E9A109C9D180799209A5B1A13446D4972
:1009A000013B8B42C2F1360280F2AD80C91A1F2989
:1009B000A2EB010200F3218101238B400C93002361
:1009C0009A46AE18B5422B46A8BF33461444079A40
:1009D0001444A342A8BF2346002B02DDF61AE41AF2
:1009E000ED1A0E9B002B00F3BF80002E00F3D38086
:1009F0000B9B002B00F3E080002C00F3F480002D13
:100A000008DD49462A464046FFF70EF88146002891
:100A100000F0DB805A4640461E99FFF78BF80746E8
:100A2000002800F0D2800026C3684946C6600F93B4
:100A3000FFF762F8B042C0F2888400F0FC834946B8
:100A40003846FFF7F3F900224FF0804304460D4685
:100A5000EFF7B6FF00285BD00F9B002B00F0E7807C
:100A600000233D4C1196CDE90C34059B9A463A4B38
:100A700012933A4C3A4B0AEA04069E4200F0FC807C
:100A8000079B9BB1B6F1D46F10D82DA3D3E90023F7
:100A9000119D129C28462146EFF792FF002840F056
:100AA00091810D9B03F1D6639B1B0D93DDE908013A
:100AB000DDE90C45FFF7DAF802460B4620462946E9
:100AC000EFF702FDDDE90823EFF748FB03460C468C
:100AD0000D46CDE90434079B23B9204B2B409E42A1
:100AE00000F00D8140461E99FEF7BAFD594640467A
:100AF000FEF7B6FD49464046FEF7B2FD3946404690
:100B0000FEF7AEFD16E700239A4601230C9358E743
:100B1000002220462946134BEFF7D6FC0F9ACDE969
:100B20001101002A7ED101F1004314901593DDE9F3
:100B30001434CDE90C34059B9A469AE7AFF3008054
:100B40000000C0FFFFFFDF41C0520108304D010827
:100B5000E051010802FCFFFF0000F03F0000F07FC1
:100B60000000E07F0000E03F49461A464046FEF79D
:100B70000BFF814648B301461E9A4046FEF762FECF
:100B800018B30F901E994046FEF76AFD0F9B002E8A
:100B90001E937FF72DAF324640461E99FEF744FF65
:100BA0001E9000287FF424AF3E46CDF82CB010E014
:100BB000109A0E9DD41AEEE659464046109AFEF75A
:100BC000E3FE834600287FF417AF3E46CDF82CB0F5
:100BD0001E98A94B0022059322230492C8F80030E6
:100BE000DDE904ABB9E0594622464046FEF71CFF5A
:100BF000834600287FF403AFE7E701219F480C916B
:100C0000C31A01FA03F39A46DBE60023CDF874A079
:100C10000C9386E54FF0010E0AF102031D939AF83A
:100C20000240D2E5DDE91123CDE914237FE7DDE9B8
:100C30000412002940F0B380C2F313039246002B44
:100C400040F0B3800022204629468D4BEFF7AEFEE0
:100C5000002840F0D0828B4B204629460022EFF737
:100C600033FCCDE9110101F100431A901B93DDE93A
:100C70001A34CDE90C34FCE6AAF154730593DDE98E
:100C80000423DDE90C01CDE9040110461946CDE944
:100C90000C23FEF7EBFF02460B46DDE90401EFF7FC
:100CA00013FCDDE90C23EFF759FA0D4601EA040CB9
:100CB00004460B46CDE90445DDE9084520462946B2
:100CC000714ACDE91801944578D902F154729542E0
:100CD00003D1B4F1FF3F3FF478AF4FF0FF336B4ADD
:100CE000CDE90432FEE64FF0000E95E7652C00F0EA
:100CF000AC80452C00F0A9804FF0010CA6E5119EB8
:100D0000129C30462146F1F7EBFAEFF7AFFB0B46AA
:100D1000024621463046EFF71FFA049C0F9EC5F3AA
:100D2000130C264356EA0C0304460D4672D04CA31E
:100D3000D3E90023EFF73AFE48B94BA3D3E90023E8
:100D400020462946EFF750FE00283FF4CBAE3E4642
:100D50001E98CDF82CB0DDE904AB01464046FEF705
:100D60007FFC40460B99FEF77BFC49464046FEF768
:100D700077FC40461399FEF773FC31464046FEF778
:100D80006FFC8BE501230A937A1C1D927B78002B64
:100D90003FF491AC174620E400230A93F4E7DDE921
:100DA0000412012900F04281924600230021384CB0
:100DB000CDE90C34324BCDE911135AE603F15475E9
:100DC000059588E621462846F1F752FA012838BFF2
:100DD0000120EFF7FFFA0B46CDE911010F9902460A
:100DE000002940F0358103F1004316921793DDE9A5
:100DF0001634CDE90C3454E6B3F59A7F40F32D81D7
:100E00001D4B0022059322230492C8F80030DDE92F
:100E100004AB43E516A3D3E90023EFF7C7FD002891
:100E20003FF460AE93E71633FFF651AD0C9A194BC1
:100E3000ABEB020103EBC103D3E90023DDE90401BD
:100E4000EFF76CFC82468B4628E500234FF0010C3F
:100E50009B4608932CE46E2C3FF40AAD2BE400BFB4
:100E60009535A094FFFFDF3F35E5AF350000E03F4B
:100E70009535A094FFFFCF3F0000F07FE2FBFFFF1E
:100E80000000F03F0000E03FFFFF9F7CFFFFEF7F8F
:100E90000000F0BFE05101083FF431AD644214F0AE
:100EA0000F020AD0DDE90401B84B03EBC203D3E91A
:100EB0000023EFF733FCCDE9040124113FF41FAD0B
:100EC0001F2C36DCDDE9040114F0100318BF6A237F
:100ED00007930023DFF8D492E20704D5D9E9002371
:100EE000EFF7F2FA0123641009F10809F4D10BB10C
:100EF000CDE90401079B9BB1DDE90412C2F30A535B
:100F0000C3F16B03002B11460ADD1F2B40F37682E1
:100F10000022342B049240F37C824FF05C730593E3
:100F20000022DDE904010023EFF736FD00283FF43D
:100F3000E8AC22234FF0000A4FF0000BC8F8003055
:100F4000ACE41F9ADDE9201302F2334223F480134C
:100F500043EA025304910593250742BF059B43F0E2
:100F600000430593DDE904AB98E40A9A1EABCDE992
:100F7000003202944046864A1FAB1DA902F0E2FDF2
:100F800010F0070504463FF485AC062D40F0D080F4
:100F9000069B0137002B3FF493AB4FF0000A4FF054
:100FA000000B1F60FFF790BB01281D9C834405F1D7
:100FB000010300F04582284400F1FF3C03E04E00AD
:100FC0009C451D460CD0082D05F1010306EB86015A
:100FD000F5DD102BDCBF09EB89094FEA4909EFE782
:100FE0000546BCF1080F7FF747AB102DD8BF09EBC2
:100FF00089094FF00000D8BF02EB4909FFF741BB58
:101000005A463846079903F029F9002800F0D7809E
:1010100000231D4699461E460893FFF77CBB44F605
:101020001F639942A8BF19460C9105E4DDE904123B
:101030009246002A7FF4B9AE3E46CDF82CB022236A
:101040004FF0000A4FF0000B1E98C8F8003084E6FD
:10105000DDE91123CDE91623C9E6102B4FEA23144D
:1010600040F3B581DDE9040100234A4A99469246DE
:10107000079214F0010F09F101094FEA640404D04A
:10108000DAE90023EFF720FA0123012C0AF1080A1C
:10109000EFD10BB1CDE90401059B3F4CA3F1547393
:1010A0000593079B03EBC909D9E90001DDE9042396
:1010B000EFF70AFADFF8F8C001EA040363450A46CD
:1010C000CDE9040100F2218134498B4240F21681BE
:1010D000334B0593002307934FF0FF33049310E441
:1010E00030491DA802F0C0FF00283FF4E4AA1D9B70
:1010F0002D49013B1DA81D9302F0B6FF10B91D9BA1
:1011000001331D930023244CCDE90434DDE904AB05
:10111000FFF7C4BB204B139A059322230492C8F80F
:101120000030DDE904ABFFF7B9BB0020FFF796BA4A
:101130001E9A3AB1352120A8FEF7A6FE40461E9918
:10114000FEF78EFA013D052D3FF606AF01A353F8D9
:1011500025F000BF430F0108B511010883110108F4
:1011600075110108430F01086D1101080023CDE935
:101170000433F1E64FF0FF336FF00046CDE904365B
:10118000EAE60023044FCDE90437E5E6E051010823
:10119000C4520108B85101080000F07F0000907CA3
:1011A000FFFFEF7FB4520108B8520108F052010866
:1011B0000000A07C209B0493219B0593CCE61D9B03
:1011C00006461A465B441D93814612F80B40FFF712
:1011D0003ABA0B989C49DDE9042301EBC001D1E93F
:1011E0000001EFF771F982468B46FFF757BB834644
:1011F0000895FFF749BA0023944CCDE91A340F9BA8
:101200001193934B129332E58F4CC5F10F0504EB0C
:10121000C501DDE90423D1E90001EFF755F90B9B86
:101220005D1B04EBC504D4E90023EFF74DF98246BA
:101230008B46FFF733BB0F9B3E46CDF82CB057468D
:10124000DDE908AB002B67D0DDE90445814BC5F330
:10125000130199422A462DD0002F00F09E80059B55
:101260001F4210D0DDE904010F9B079A002B00F00C
:10127000B380FFF741F902460B4650465946EEF758
:101280006DFF82468B46079B002B35D0724B504634
:101290001993002318935946DDE91823EFF714F941
:1012A00003460B4382468B4626D122231E98C8F85C
:1012B000003052E5079B0499002B00F0A780674B94
:1012C0002B40B3F1D46F00F2A1804FF0FF301B0D23
:1012D000C3F16B0300FA03F39942BDD1604B9A420C
:1012E00000F0A9805D4B134003F5801305930023A4
:1012F0000493DDE904ABC6E71E982EE502F15473B2
:10130000059300230793FFF7FCBA222300220594DC
:101310000492C8F8003025E6DDE90412C2F3130395
:101320000B43144698D1079B002B7AD14B4B23409B
:10133000A3F580136FEA13536FEA035305934FF03D
:10134000FF330493DDE904AB9DE70F9BDDE9044522
:101350002343CDF82CB03E46DDE908AB93D1C5F36D
:1013600013032C46002B8ED125F000431B0D1B05CB
:10137000B3F1D66F87D97B6913B93B69012B82DD45
:10138000314601224046FEF74FFB49460646FEF72E
:10139000B3FB00287FF777AFC5E70C9B049A134295
:1013A0003FF471AF5EE72F491DA820AA02F074FE3A
:1013B00005287FF469AA219B43F0FF4343F4E0032F
:1013C0000593209B0493DDE904ABFFF767BA264B36
:1013D0004FF0000907935FE6FFF78EF802460B46D1
:1013E00050465946EEF7B8FE0022002382468B464F
:1013F000EFF7D2FA00283FF446AF20E64FF0FF3275
:1014000002FA03F3049A1A40049289E54FF0FF337D
:1014100062E74FF0FF32203B02FA03F30B400593E3
:101420007EE50E4B2340B3F1D66F81DCB3F15C7FD8
:101430003FF72CAF03E601317FF454AFFFF7C8BB91
:10144000AC461D46CDE500BFE05101080000E0BFFD
:101450000000E03FFFFF0F00000050390000F07F68
:10146000FFFFEF7FD8520108B8510108014BFFF789
:1014700067B800BF940800202DE9F04F0D46814663
:1014800040482F4615F8014B065D16F00806F8D1C6
:101490002D2C53D02B2C27D0A3466FF0004853B3EC
:1014A000102B52D09E460027B8FBFEFC38460EFBA0
:1014B0001C8A05E036D001270EFB004015F801BB61
:1014C000ABF13004092C05D9ABF14104192C18D823
:1014D000ABF13704A3421CDDB7F1FF3FEED08445EA
:1014E000E8D24FF0FF37E9E795F800B06FF0004819
:1014F000BD1C002BD4D1BBF1300F35D00A239E4642
:10150000D1E7ABF16104192C03D8ABF15704A34226
:10151000E2DC7B1C0BD006B140420AB17FBB1160FC
:10152000BDE8F08FA245C6DA4FF0FF37C6E72223A9
:10153000C9F8003002B34046691EF0E795F800B0E4
:101540004FF000480126BD1CA9E7BBF1300FA9D11F
:10155000287800F0DF005828A4D14FF0100E95F83D
:1015600001B0734602359EE72B7803F0DF03582B5A
:10157000F3D008239E4696E74046BDE8F08F8046AC
:10158000D9E700BF91500108FFF776BF2DE9F04F72
:101590000F461E460D4687B001925A4A05902946CD
:1015A00015F8014B135D13F00803F8D12D2C77D0FB
:1015B0004FF0FF3A6FF0004B2B2C08BF2C780493B0
:1015C00008BF8D1C2EB1102E73D0B0464FEAE679BD
:1015D00006E0302C79D04FF00A084FF000090A26B7
:1015E00042464B4650465946F0F762FE8446029208
:1015F000604600224FF0000C0023039718E0744669
:10160000A64222DDBCF1FF3F10D0994208BF9042B4
:1016100033D32FD002FB09FC08FB03CCA2FB082329
:1016200063444FF0010C121943EBE47315F8014BBE
:10163000A4F1300EBEF1090FE1D9A4F1410EBEF1C3
:10164000190F1DD8373CA642DCDCBCF1FF3F039FDD
:101650001DD0049911B1524263EB4303019921B1AA
:10166000BCF1000F45D101990F601046194607B033
:10167000BDE8F08F029FA742CCDA4FF0FF3CD5E7E0
:10168000A4F1610EBEF1190FDFD8573CB8E7222351
:10169000059A1360019B2BB352465B466F1EE2E72F
:1016A00001232C784FF0000A4FF0004B8D1C04935F
:1016B00088E7302C04D12B7803F0DF03582B09D0B6
:1016C0004FF010084FF000098AE72B7803F0DF0392
:1016D000582B11D16C784FF010084FF000091026EC
:1016E00002357DE752465B461046194607B0BDE815
:1016F000F08F92469B46CFE74FF008084FF0000965
:1017000008266DE791500108FFF740BF8C462DE990
:10171000F04786464A4867461CF8014B065D16F0BE
:101720000806F8D12D2C57D02B2C12BF25469CF83B
:10173000005007F1020C5BB1102B53D04FF0FF3873
:10174000B8FBF3F803FB08FA99466FEA0A0A07E0C8
:10175000302D5BD00A234FF0050A9946DFF8E4806C
:101760000027384607E0404513D826D0012709FB5B
:1017700000401CF8015BA5F13004092C05D9A5F146
:101780004104192C08D8A5F13704A3420CDD002F21
:10179000E9DA4FF0FF37ECE7A5F16104192C03D823
:1017A000A5F15704A342F2DC002F0BDB06B1404247
:1017B0000AB177B91160BDE8F0875445D6DD4FF026
:1017C000FF37D6E722234FF0FF30CEF80030002A53
:1017D000F1D00CF1FF31EDE79CF80050012607F144
:1017E000020CA8E7302D24D19CF8000000F0DF00A7
:1017F000582818D14FF010099CF801504B464FF073
:101800000F0A6FF070480CF1020CA9E79CF8003049
:1018100003F0DF03582BEDD008234FF0070A994659
:101820006FF060489CE799466FF070484FF00F0AE0
:1018300096E74FF00F0A6FF07048994690E700BFA7
:101840009150010899999919FFF760BF2DE9F04F60
:101850008B469A460D4685B00192684A0390294608
:1018600015F8014B135D13F00803F8D12D2C00F08F
:101870008A802B2C08BF2C78029308BF8D1CBAF1EC
:10188000000F1AD0BAF1100F00F08280D0464FEA54
:10189000EA7942464B464FF0FF304FF0FF31F0F708
:1018A00007FD8C46064642464B464FF0FF304FF050
:1018B000FF316746F0F7FCFC0BE0302C7DD00522B1
:1018C0004FF099364FF00A084FF000094FF00A0A1E
:1018D0004B4F4FF0000C0020002115E08F4208BF55
:1018E000864220D3B94208BFB0423AD04FF0010C33
:1018F00000FB09F408FB0144A0FB08012144C018C7
:1019000041EBE37115F8014BA4F13003092B05D924
:10191000A4F14103192B09D8A4F137039A450DDD31
:10192000BCF1000FDADA4FF0FF3CEBE7A4F1610302
:10193000192B03D8A4F157039A45F1DCBCF1000F31
:1019400014DB029B13B1404261EB4101019B2BB1BF
:10195000BCF1000F14D1019BC3F800B005B0BDE885
:10196000F08F9342C2DD4FF0FF3CCBE72223039A76
:101970004FF0FF301360019B4FF0FF31002BEDD093
:1019800005F1FF3BE7E701232C7802938D1C76E7F6
:10199000302C28D12B7803F0DF03582B1ED16C7824
:1019A0000F224FF0FF366FF070474FF010084FF0E6
:1019B00000094FF0100A02358BE72B7803F0DF03A4
:1019C000582BECD007224FF0FF366FF060474FF0F6
:1019D00008084FF000094FF0080A7AE74FF01008A6
:1019E0004FF0000955E70F224FF0FF366FF07047B8
:1019F0004FF010084FF000096BE700BF915001084D
:101A000099999919FFF722BF4B1C70B51AD014464B
:101A10009389126B23F02003CDB2A381AAB162682F
:101A2000636B9A4209DA23685A1E226003F8015C4C
:101A3000636801336360284670BD214601F02AFEC9
:101A40000028F0D04FF0FF35F5E7236922682BB16D
:101A5000934203D212F8013CAB420FD02346032637
:101A600001216068A26304F14002E06366632263BF
:101A700003F8425F2846C4E9003170BD6368013A4B
:101A80000133C4E90023D6E710B50C46096B69B1F0
:101A900004F14003994201D0FDF78CF90020E36B7B
:101AA0002063636013B1A36B236010BD0021A38981
:101AB000226943F020034FF0FF30C4E90021A381E5
:101AC00010BD00BF2DE9F04F02FB03FA83B09B4627
:101AD0000C9C0192BAF1000F26D007468946564663
:101AE0004FF0000811E02A4648462168F0F744FA12
:101AF000226821462A4422603846C4F80480FFF751
:101B0000C3FFA944721B98B916466568B542EAD36B
:101B1000DA46484632462168F0F72EFAD4E90053F7
:101B20009B1B3544C4E90053504603B0BDE8F08F19
:101B3000019B5544AD1BB5FBF3FA504603B0BDE81D
:101B4000F08F00BF2DE9F04FD7B08B4617460E93AC
:101B50008146FDF7E3FB036818461893F8F750FD3C
:101B6000BBF80C3017901D0604D5DBF81030002BA5
:101B700000F0DF87002300210022CDE92B33CDE9DF
:101B80001A33CDE91C33139319930A932DAB98465E
:101B90002A933B78DA46CDE91412002B00F0A48199
:101BA0003C4604E014F8013F002B00F0FD80252B9B
:101BB000F8D1E51B40F0FB802378002B00F09481E6
:101BC00000230B938DF88B3007934FF0FF3366782B
:101BD00004F1010B20212B2409930BF1010BA6F139
:101BE00020035A2B00F2FF80DFE813F0BC02FD0057
:101BF000FD00B502FD00FD00FD009102FD00FD00AD
:101C00006A00E702FD003402CD02FD00C6025B005F
:101C10005B005B005B005B005B005B005B005B00EC
:101C2000FD00FD00FD00FD00FD00FD00FD00900138
:101C3000FD00F7017C00900190019001FD00FD0086
:101C4000FD00FD008A02FD00FD00A900FD00FD0071
:101C5000FD000B02FD003B02FD00FD008107FD00C1
:101C6000FD00FD00FD00FD00FD00FD00FD009001F8
:101C7000FD00F7018000900190019001800280003A
:101C80007500FD007602FD005E02AD004C0275009D
:101C9000FD000B0272005B07FD00FD005F07FD0009
:101CA00072000022A6F130031BF8016B02EB8202E6
:101CB00003EB4202A6F13003092BF5D90B928EE714
:101CC0000E9B53F8042B002A0B920E93C0F2BF8197
:101CD0009BF8006081E7079B9BF8006043F02003BE
:101CE00007937AE7079B43F010030793079B9C0633
:101CF00040F162810E9B073323F007031946F1E898
:101D0000022314461D460E91002A73F10003C0F20F
:101D1000AB85099B0133079B00F0148423F08003FB
:101D200054EA0502089340F00E84099A002A40F014
:101D30000F840793002356AF09930C936BE2079B24
:101D400043F010030793079B9A0640F126810E9BF0
:101D5000073323F00703F3E802450E93079B23F4B0
:101D600080630893002300228DF88B20099A114686
:101D7000013100F03182089921F08001079154EA85
:101D8000050140F02782002A40F07D83002BD1D14D
:101D9000089B13F001030C9300F0908530230DF2A3
:101DA00057178DF8573136E2E51B00F09D80DDE9CD
:101DB0002B3201332A44072BC8E90075CDE92B32B9
:101DC00006DC08F108080A9A23782A440A92F4E605
:101DD000514648462AAA02F07FFA002841F0CE83F5
:101DE0000DF1B408EFE7002E7ED0002301211A4642
:101DF00008918DF8F4608DF88B300D930993129350
:101E0000169310930C913DAF079B13F0020302D081
:101E1000089902310891079911F084010F9105D1B9
:101E20000B9908980D1A002D00F34B832C9C72B16E
:101E300001202B9A044402440DF18B01072ACDE9BD
:101E40002B24C8E9001000F3CD8308F108086BB11A
:101E500002212B9B0C44013323AA072BCDE92B3401
:101E6000C8E9002100F3CC8308F108080F9B802B00
:101E700000F03482099B0C9A9D1A002D00F36E82AB
:101E8000079BD90500F1D5812B9B0C9A0133144493
:101E9000072BC8E900722C942B9300F3978308F169
:101EA0000808079B590705D50B9B089A9D1A002D1A
:101EB00000F3B283DDE90A3208998A42ACBF9B186D
:101EC0005B180A93002C40F07D8200232B930D9B1E
:101ED0001BB148460D99FCF76DFF5F460DF1B40844
:101EE0003B78002B7FF45CAE2C9BD346002B41F05B
:101EF0004B82BBF80C3013F0400F0A9B18BF4FF019
:101F0000FF330A930A9857B0BDE8F08F0E9B073352
:101F100023F007031946F1E80223CDE91423DDE994
:101F2000143424F000441D4618460E914FF0FF3241
:101F30002146A44BEEF762FD002840F0D9842846E4
:101F400021464FF0FF329F4BEEF73AFD002840F05C
:101F5000CF84DDE9140100220023EEF727FD0028DD
:101F600041F00E809DF88B2003200021964F974B67
:101F700008900D91472EC8BF1F46079C0C9024F077
:101F8000800407940991129116911091002A3FF450
:101F90003BAF089B0133089336E7079BDB0600F154
:101FA0009C84079B5F0640F1B2870E9B002553F887
:101FB000044B0E93A4B2D1E6079BD80600F16885C6
:101FC000079B590640F1BE870E9B53F8044B24B281
:101FD000E5170E9322462B4696E6002101240E9B20
:101FE0000A4653F8040B0894CDE90D138DF88B10B5
:101FF0008DF8F40009911291169110910C943DAF57
:1020000002E700250E9C8DF88B5054F8047B002FBE
:1020100000F09F85099A1346013300F07087294626
:102020003846FDF74DFA0D90002801F0B9802B4697
:102030000D9A0995D21B0C9222EAE27208920E9434
:102040009DF88B200D931293169310939EE70B9B94
:102050005B420B93079B9BF8006043F004030793DC
:10206000BBE5079B43F010030893089B9D0640F1D6
:10207000EA830E9B073323F00703F3E802450E9330
:10208000012370E647F630020E9B079953F8044B84
:1020900041F002010E934E4B00251993782602233E
:1020A0000891ADF88C205EE6079B9D0600F1088440
:1020B000079BDC0600F1E186079B580600F1958737
:1020C000079B990540F1D9860E9B0A9953F8042B7A
:1020D0005F4611700E9303E79BF80060079B6C2E20
:1020E00000F0088543F01003079376E59BF8006045
:1020F000079B682E00F0078543F0400307936CE5CB
:10210000079B9BF8006043F00803079365E548468A
:10211000FDF704F9436818461C93F8F771FA034673
:1021200048461D461D93FDF7F9F8826820211A9252
:10213000002D3FF4CDAD1A9B002B3FF4C9AD1A9B87
:102140001B78002B3FF4C4AD079B9BF8006043F461
:102150008063079341E5079B9BF8006043F0010310
:1021600007933AE59DF88B30002B7FF4B1AD9BF8D7
:1021700000608DF88B1030E5079B9BF8006043F002
:102180008003079329E55A4612F8016B2A2E01F0C5
:102190005182A6F13003092B934698BF002201F229
:1021A000EF801BF8016B02EB820203EB4202A6F107
:1021B0003003092BF5D9099211E59BF800608DF8E1
:1021C0008B400AE5FFFFEF7F2C50010830500108DB
:1021D0003C500108079A0892012B00F0B481022BB1
:1021E00000F0598156AFE20842EA4572E90804F06E
:1021F00007030D461446303354EA05013A4607F802
:10220000013DF0D108990846C00700F1B88256ABED
:10221000DB1B07910C93002309990D9312931693DE
:1022200010930C9B9DF88B208B42B8BF0B460893F4
:10223000ACE6652E40F3D880DDE9140100220023CE
:10224000EEF7AAFB002800F01E8201212B9BC54A55
:102250000B440C44072BCDE92B34C8E9002100F3D3
:10226000BB8508F10808249B139A934280F22183CE
:102270002B9B179A013318991444072BC8E90012B5
:102280002C942B9300F3488408F10808139B5D1EDF
:10229000002D7FF706AE102D40F3C785B24F1026F4
:1022A0002B9B0F9705E008F10808103D102D40F317
:1022B000BF8501331034072BCDE92B34C8E90076F4
:1022C000F1DD514648462AAA02F006F8002840F0FF
:1022D0008180DDE92B340DF1B408E6E70B9B089A09
:1022E0009D1A002D7FF7C6AD102D41F369809E48E1
:1022F0002146102304462B9A0F9004E0103D102D28
:1023000008F1080817DD01321031072ACDE92B2129
:10231000C8E90043F2DD514648462AAA01F0DCFF35
:10232000002857D1DDE92B21103D102D4FF010036F
:102330000DF1B408E7DC0C4601320F9B2C44072A50
:10234000CDE92B24C8E9003500F38A85099B0C9A56
:1023500008F108089D1A002D7FF792AD102D40F36B
:102360000A8681482146102304462B9A0F9004E0E8
:10237000103D102D08F1080816DD01321031072A32
:10238000CDE92B21C8E90043F2DD514648462AAA8F
:1023900001F0A2FFF0B9DDE92B21103D102D4FF027
:1023A00010030DF1B408E8DC0C4601320F9B2C44FD
:1023B000072ACDE92B24C8E9003500F3378208F15C
:1023C00008085DE5514648462AAA01F085FF002825
:1023D0003FF47BADD3460D9B002B3FF48AAD4846BE
:1023E0000D99FCF7E7FC84E5139B012B40F3D581A5
:1023F00001232B9D1C441D44072D2C94C8F800700C
:102400002B95C8F8043000F33A8208F10808179BAE
:102410000135189A1C44072DCDE92B54C8E9002337
:1024200000F33A8208F108080023DDE914010022D4
:10243000EEF7B2FA139B002840F0CD81013B013545
:1024400001371C44072DCDE92B54C8F80070C8F89B
:10245000043000F3DC8408F108081B9A01351444A9
:1024600026AB072DCDE92B54C8E900327FF717AD15
:10247000514648462AAA01F02FFF0028AAD12C9CD9
:102480000DF1B4080DE5012B00F0CA87022B079B64
:1024900008937FF4A7AE199856AF230943EA057352
:1024A000290904F00F020D461C46835C07F8013D24
:1024B00054EA0503F1D1089B079356ABDB1B0C9341
:1024C000A9E6102D40F36886DDE92B211E930B460B
:1024D0003946102437465646CA46894604E0103D20
:1024E000102D08F1080817DD013220491033072AA2
:1024F000CDE92B23C8E90014F1DD314650462AAA64
:1025000001F0EAFE002840F05884DDE92B23103D5D
:10251000102D0DF1B408E7DC4846D146B2463E46E0
:10252000074619461E9B4C1901321049072ACDE96E
:102530002B24C8E9001500F31F849DF88B2008F1B7
:10254000080874E40893002D08BF0A2C80F0D0839B
:10255000089B3034079301238DF857410C930DF2FB
:10256000571758E66C500108285301081853010802
:10257000514648462AAA01F0AFFE00287FF42AAF50
:10258000249A2C9C0DF1B408002A40F07F84079B0C
:10259000139A03F0010313433FF483AC2B9B179A68
:1025A000013318991444072BC8E900122C942B937B
:1025B00000F3248508F10808139A01331444072B0B
:1025C000CDE92B34C8E900727FF769AC5146484623
:1025D0002AAA01F081FE00287FF4FCAE2C9C0DF1AC
:1025E000B4085EE4514648462AAA1E9301F074FEE0
:1025F00000287FF4EFAE2C9C1E9B0DF1B40826E45E
:10260000514648462AAA01F067FE00287FF4E2AE50
:102610002C9C0DF1B40829E4102D40F3BE86102641
:102620002B9B04E0103D102D08F1080817DD013345
:10263000AD4A1034072BCDE92B34C8E90026F1DD73
:10264000514648462AAA01F047FE00287FF4C2AE50
:10265000DDE92B34103D102D0DF1B408E7DC01331A
:10266000A14A2C44072BCDE92B34C8E900257FF77C
:1026700021AC514648462AAA01F02EFE00287FF4DC
:10268000A9AE2C9C16E4249A002A40F38683109B62
:10269000139A9342A8BF1346002B1D460BDD2B9BBC
:1026A0002C440133072BC8E900752C942B9300F3BD
:1026B0001E8508F10808109B002DA8BF5B1B002B8E
:1026C0001D4600F35682109B3B441E46079B5B054C
:1026D00000F17782249B139A934203DB079AD50774
:1026E00040F17A842B9A1799013218980C44072AE2
:1026F000C8E900012C942B9200F3068508F1080824
:10270000139ABD18AD1BD31A9D42A8BF1D46002DBC
:102710000BDD2B9A2C440132072AC8E900652C9462
:102720002B9200F35F8508F10808002DB4BF1D4609
:102730005D1B002D7FF7B5AB102D40F376836B4FFB
:1027400010262B9B0F9705E008F10808103D102D6F
:1027500040F36E8301331034072BCDE92B34C8E9E5
:102760000076F1DD514648462AAA01F0B5FD002861
:102770007FF430AEDDE92B340DF1B408E6E7302B01
:102780003FF499AE3023023A07F8013C089956AB62
:102790009B1A174607910C933DE5079BD8073FF519
:1027A00027AE01232B9D1C441D44072D2C94C8F8F3
:1027B00000702B95C8F804307FF74DAE514648465F
:1027C0002AAA01F089FD00287FF404AEDDE92B542C
:1027D0000DF1B40841E65E1E002E7FF73EAE102ECE
:1027E00040F31E87414BCDF824B01027D3460F93FA
:1027F000CA46994605E008F10808103E102E40F33D
:10280000F88201351034072DCDE92B54C8E9009723
:10281000F1DD594650462AAA01F05EFD002840F03D
:10282000CC85DDE92B540DF1B408E6E75146484666
:102830002AAA01F051FD00287FF4CCAD2C9C0DF1AB
:10284000B408FFF71DBB089BDC0600F11981089B4B
:10285000580640F168830E9A012352F8044B002574
:102860000E92A4B2FFF77FBA2D23079A64428DF827
:102870008B3065EB450501230892FFF777BA514687
:1028800048462AAA01F028FD00287FF4A3ADDDE91F
:102890002B540DF1B408BAE5514648462AAA01F076
:1028A0001BFD00287FF496ADDDE92B540DF1B40833
:1028B000BAE5079BDA077FF5F4AAD9E456AFAAE494
:1028C0000E9B5F4653F8041B0E930A9BDD171A46B6
:1028D0002B46C1E90023FFF703BB0E9B002553F8ED
:1028E000044B0E93FFF73ABA185301082853010816
:1028F000DDE914010B460246EEF780F80146002898
:1029000040F04386612E00F08685412E00F07A84E7
:10291000099B26F020055A1C089500F07D83472D61
:1029200000F09E85DDE91401079B43F48073129348
:102930000B46002BC0F2BA8500220F931E920D9217
:102940000C90462D0C9A00F00784452D4FF00200A4
:102950000F9B40F0E783099900904C1C28A925A8FB
:10296000049124A9CDE9021001944846FBF748F9E7
:1029700007460444129B079D0793002200230C98EE
:102980000F99EEF709F8002800F098832346DB1B27
:102990001393089B472B00F05E83089B462B00F0A7
:1029A0000B84249B1093109B089A013B412A24938B
:1029B00000F0AD850021F2B2002B8DF89820B6BF53
:1029C0002D222B22109B8DF89920B8BFC3F1010353
:1029D000092B40F3A2850DF1A70E72469C46BF4C11
:1029E0006046114684FB0C234FEAEC72C2EBA30253
:1029F00002EB8203ACEB430330336328944601F8C7
:102A0000013C01F1FF32EBDC63463033D8B28B1E60
:102A10009E4502F8010C40F22C860DF19A0301E06C
:102A200012F8010B964503F8010BF9D10DF1A9033A
:102A30000DF19A025B1A134426AA9B1A1B93139B4F
:102A40001B9A012B1A440C9240F3CC850C9B179ACD
:102A500013440C9300231293169310930C9B25F4AC
:102A6000806545F4807223EAE373079208931E9B06
:102A7000002B40F017839DF88B200993FFF786BA4F
:102A80000E9A012352F8044B00250E92FFF76BB902
:102A90000E9B53F8044BE5170E9322462B46FFF787
:102AA00033B9079B0893FFF7E0BA8D4B1993079B47
:102AB000990640F1FE800E9B073323F00703F3E8ED
:102AC00002450E93079AD7070AD554EA050307D0A3
:102AD000302342F002028DF88D6007928DF88C3021
:102AE000079A022322F480620892FFF73CB97D4BDB
:102AF0001993DCE743F020039BF8016007930BF187
:102B0000010BFFF76AB843F400739BF80160079369
:102B10000BF1010BFFF761B8514648462AAA01F0B4
:102B2000DBFB00287FF456AC2C9C0DF1B408FFF7BA
:102B3000ADBB40214846F7F74DF8CBF80000CBF885
:102B40001000002800F08D854023CBF81430FFF7EB
:102B500011B8099B3A46062B28BF062309971297FE
:102B6000169710970D9708935F4F0E940C93FFF7ED
:102B70000DBA102B40F3588551465C4ACA46099756
:102B80001026174689462B9B0F9205E008F108088E
:102B9000103D102D40F3FA8101331034072BCDE99D
:102BA0002B34C8E90076F1DD494650462AAA01F0E7
:102BB00093FB002840F0FD83DDE92B340DF1B408D0
:102BC000E6E7139B4246DDF85880FB180993CDF8E1
:102BD00030B00F972046DDF874B01A9F129BB8F101
:102BE000000F2DD07BBB013F08F1FF382B9B1C99B8
:102BF00001335844072BC2E9001B2C902B9362DC55
:102C0000083209993B788D1B9D42A8BF1D46002DB7
:102C10000BDD2B9B28440133072BC2E900652C9068
:102C20002B9300F311813B780832002DB4BF1D4671
:102C30005D1B002D0BDC1E44129BB8F1000FD1D19F
:102C4000002B00F0F981129B013B1293CEE7102D6F
:102C500040F3C5842B9910240B4604E0103D102D41
:102C600002F1080216DD013320491030072BCDE9AF
:102C70002B30C2E90014F1DD514648462AAA01F082
:102C80002BFB00287FF4A6ABDDE92B30103D102D87
:102C90002DAAE8DC19464B1C14492844072BCDE922
:102CA0002B30C2E9001500F315823B7808321E4430
:102CB000C2E7079BDA0640F184800E9B002553F89B
:102CC000044B0E93FEE6514648462AAA01F004FB47
:102CD00000287FF47FAB2C982DAA92E76766666682
:102CE0003C50010850500108645001082853010865
:102CF0000022089BCDF81CB003F480630C96CDF83D
:102D000034A09346CA461E46C14656AFDDF86880D9
:102D10000BE00A22002320462946EFF7C9FA002DCE
:102D200008BF0A2C1BD304460D460A220023204666
:102D30002946EFF7BDFA303207F8012C0BF1010BF1
:102D4000013F002EE5D098F800309B45E1D1BBF162
:102D5000FF0FDED0002D08BF0A2C80F02881CDF8AF
:102D60006880CDF84CB0C8460C9ED146DDF81CB04A
:102D7000DDF834A0FFF79FBB514648462AAA1E93B0
:102D800001F0AAFA00287FF425AB9DF88B202C9C3B
:102D90001E9B0DF1B408FFF74AB801202B9BC549D3
:102DA00003440444072BCDE92B34C8E900103FF756
:102DB000DFAB08F10808FFF7E7BBD146B346FFF7E2
:102DC0000ABB079B5B0640F1CB800E9B002553F8A6
:102DD000044B0E93A4B275E6514648462AAA01F068
:102DE0007BFA00287FF4F6AA2C9C0DF1B408FFF7BB
:102DF0003ABAD146DA46DDF824B001350F9B3444A7
:102E0000072DCDE92B54C8E900367FF724AB514696
:102E100048462AAA01F060FA00287FF4DBAADDE91F
:102E20002B540DF1B408FFF718BBA34A2B9B0F924C
:102E300001330F9A2C44072BCDE92B34C8E9002528
:102E40007FF72DA8FFF7C2BB514648462AAA01F0DA
:102E500043FA00287FF4BEAA3B782C982DAAE4E61A
:102E6000514648462AAA01F037FA00287FF4B2AA50
:102E70002C9C0DF1B408FEF7FDBF0E9B0A9953F888
:102E8000042B5F4611600E93FFF72AB82B9B17990E
:102E9000013318980C44072BC8E900012C942B939C
:102EA00000F3AC8008F10808002ABFF685AB554254
:102EB000103280F2D38351467F4ACA4609971026C2
:102EC000174689460F9205E008F10808103D102DBD
:102ED00040F3AA8201331034072BCDE92B34C8E923
:102EE0000076F1DD494650462AAA01F0F5F900289E
:102EF00040F05F82DDE92B340DF1B408E6E7384697
:102F0000F7F77EFB2B4602460995FFF794B8079B1F
:102F1000002513F4007F0E9B53F8044B0E9318BF4B
:102F2000E4B2FEF71BBF0E9A089B52F8044B13F451
:102F3000007F4FF000054FF001030E9218BFE4B27E
:102F4000FEF711BF079B13F4007F0E9B53F8044B51
:102F500018BF64B2E5170E9322462B46FEF7D4BE87
:102F6000079B002513F4007F0E9B53F8044B0E9330
:102F700018BFE4B2A6E5504B2B9A0F93FFF715BA92
:102F80002D231A468DF88B30FEF7EEBF4A46D14608
:102F90009246099F01330F9A2C44072BCDE92B341D
:102FA000C8E900253BDC08F10808FFF78CBB1D9B36
:102FB0001C99FF1A1A463846FDF76AFA98F801304C
:102FC0000BB108F101080A22002320462946EFF739
:102FD0006FF94FF0000BA6E6139ABD18AD1BD31A7C
:102FE0009D42A8BF1D46FFF7A0BB0E9B0A9953F850
:102FF000042B5F4611800E93FEF772BF5146484680
:103000002AAA01F069F900287FF4E4A9DDE92B344C
:10301000249A0DF1B40847E70623099382E4514648
:1030200048462AAA01F058F900287FF4D3A92C9C1D
:103030000DF1B408FFF747BB139B1A970F9F9046FB
:10304000FB189E42324628BF1A4604461646DDF853
:1030500030B0FFF73FBB249BD81C109302DB099ACA
:10306000934204DD023E26F0200308939BE4109B6C
:1030700013998B42C0F27A81EA0740F18382179A52
:1030800013440C936E0540F17782109B002B00F3E4
:10309000108267260C9B23EAE373089300231293A4
:1030A0001693E4E42D2200238DF88B200993FEF77C
:1030B00070BF00BF6C50010828530108289BA34231
:1030C000BFF465AC30215A1C28921970289B9C4291
:1030D000F9D85CE4514648462AAA01F0FDF80028D8
:1030E0007FF478A93B782C982DAA1E44A4E551467C
:1030F00048462AAA01F0F0F800287FF46BA92C9C1E
:103100000DF1B408FFF7D7BA514648462AAA01F094
:10311000E3F800287FF45EA9249B2C9C0DF1B408F1
:10312000FFF7EEBA099C28A9CDE90004049125A86F
:1031300024A9CDE902104846FAF762FD472D07465B
:1031400019D1079D2B46DB0700F12A81129A289B93
:103150000792472208921AE40320099C28A9CDE986
:103160000004049125A824A9CDE902100F9B48462C
:10317000FAF746FD0746099B462D07EB03047FF44B
:10318000F9AB3B78302B00F01C82249B129A079DF0
:103190001C440792FFF7F1BBDDE92B21FFF7C3B910
:1031A000099B9DF88B2008930C9309900E94129024
:1031B00016901090FEF7EABE249A002A109240F36F
:1031C0001B82099905F001030B4340F09A816626A2
:1031D000109B0C936A0500F16D810C9B23EAE3734D
:1031E00008935BE7514648462AAA01F075F8002883
:1031F0007FF4F0A8249B139A2C9C0DF1B408D31AE9
:10320000FFF793BA30238DF88C3058238DF88D302A
:10321000079B43F00204099B632B00F3F280002319
:103220003DAF0D93079BDDE9141243F481731293B4
:103230001346002B26F020050794C0F28D800F93D3
:10324000002308950C911E93612E00F07D81412E84
:103250007FF477AB24AA0C980F99FDF777F800223A
:103260004FF07F53EDF730F904460D46002200235E
:10327000CDE91045EDF790FB08B101232493AE4B47
:103280000C93099BCDF83CB0013B1396CDF87C9094
:10329000CDF880A02197BA46DDE910679946DDF8A0
:1032A00030B0CDF8588006E000220023EDF774FB23
:1032B00009F1FF39E8B90022A04B30463946EDF755
:1032C00003F90D460446EEF7ABFF8046EDF792F8A2
:1032D0000B46024629462046ECF73EFF1BF8083015
:1032E000B9F1FF3F554606460F464C460AF8013BEA
:1032F000DAD1304639460022914BDDF83CB0139EBE
:10330000CDF83CA0CDF84C80CDE91001DDE91F9A45
:10331000DDF85880219FEDF767FB002855D1DDE9E6
:1033200010010022864BEDF737FB10B1139BDB0732
:103330004BD4002C08DB30220F99631C0B4401F89E
:10334000012B8B42FBD10F910F9B079DDB1B13932E
:10335000129B0793FFF71DBB08952D23DDE914127F
:103360001E9302F100430C910F936DE7139B179A84
:103370009A18109B0C92002B40F31A81672629E7BC
:1033800000230993FEF72BBC484651462AAA00F0B9
:10339000A3FFBAF80C30FEF7AEBD2B9BFFF75FB969
:1033A000099B079DFC18129B079347230893FFF77F
:1033B000E4BACB46D146FFF70EB8D146FFF70BB8BB
:1033C000604B2B9A0F93FEF7B7BF0F9B0C99289574
:1033D00013F8012CC97B8A4240F02A81302003F87F
:1033E000010C289B5A1E289213F8012C9142F6D00A
:1033F000392A0BBF0C9A0132927AD2B203F8012C0F
:10340000A2E74846591CF6F7E5FB0746002800F0FE
:103410001D810D9006E730238DF88C307823F5E67A
:10342000079B0893FFF794B84A46D1469246099FF6
:1034300001330F9A2C44072BCDE92B34C8E9002522
:103440007FF7B8A8514648462AAA00F045FF002851
:103450007EF4C0AFDDE92B340DF1B408FFF7ACB852
:10346000002B08BF01230993079B43F48073129339
:10347000159B002B0C93C0F2BD800224099D28A847
:1034800025AA24ABCDE90320CDE90045DDE91445AB
:10349000029322462B4648461E91FAF7B1FB0C9B3D
:1034A00007460F931E9B0C940D934AE600230D9341
:1034B00053E767261A990B78FF2B00F0DE80002473
:1034C000109A204603E001300131FF2B08D09342CF
:1034D00006DAD21A4B78002BF5D10B780134F4E7D9
:1034E0001A91109216901294129A169B0C991344EA
:1034F0001D9A02FB03130C9323EAE3730893FFF76F
:10350000B6BA179B6626D31819440C9162E606F1E9
:103510000F020121D2B2FFF74FBA002967D1302242
:103520008DF89A200DF19B02303302F8013B26AB57
:10353000D31A1B93FFF783BA5050010800003040A4
:103540000000E03F2853010824AA0C980F99FCF7CB
:10355000FDFE00224FF07F53ECF7B6FF04460D4608
:1035600000220023CDE91045EDF716FA08B101233A
:103570002493444B0C9384E667262EE6BAF80C306D
:10358000FEF7B9BC109B0C937CE5159B0320002B28
:10359000B8BF2D234FF00001BABF1A468DF88B300B
:1035A0009DF88B20384F394B08900D91FEF7E2BC07
:1035B000C3F101031A4422EAE27367260C920893CE
:1035C0006CE5002200230C980F99EDF7E5F900282F
:1035D0007FF4DBAD099BC3F101032493D6E52B995E
:1035E000FFF759BBE9077FF535AAFFF72FBA0DF1B1
:1035F0009A0299E70D90B0E6099A05F00105134685
:103600002B4304D10123662608930C9346E5179BB0
:10361000662601331A4422EAE2730C9208933DE5D0
:103620001B4B0F93FFF7E9BB194A2B9B0F92B1E499
:103630000F9BDDE60E9B9BF8016053F8040B93464D
:1036400040EAE07009900E93FEF7C7BABAF80C3062
:1036500043F04003AAF80C30FEF74DBC0C4A0F9221
:10366000E6E60C234FF0FF32C9F800300A92FEF76D
:1036700049BC02231B93FFF7E2B900231293169370
:1036800032E700BF3C5001083450010838500108AF
:10369000285301082DE9F0410C46096B04F1400361
:1036A000994214D0666B77003A46FCF75FFC0546FA
:1036B00048B300EB0608324640462946EEF75CFC6C
:1036C0000020C4E90C57C4F80080BDE8F0814FF435
:1036D0008061F6F77FFA0346A8B14FF4806194F851
:1036E0004220C4E90C0180F8FF2394F8411000F255
:1036F000FD3280F8FE1394F84010002083F8FD138B
:103700002260BDE8F0814FF0FF30DEE72DE9F84F91
:103710004B6E90469C042DD59368126843B38B463C
:10372000064602F1080959E9025A5FEA9A0715D0DC
:103730000024043D01E0A7420ED05A46304655F819
:10374000041F00F063F9431C04F10104F3D10023CA
:10375000C8E90133BDE8F88FD8F808302AF0030A29
:10376000A3EB0A03C8F8083009F10809002BDAD1E5
:103770000020ECE7FBF724FC0023C8E90133BDE897
:10378000F88F00BF10B4946814B110BCFFF7BEBF2F
:103790002046546010BC7047034649B1FF2A02D846
:1037A00001200A7070478A224FF0FF301A6070477C
:1037B000084670472DE9F047DFF880A00646DAF8A2
:1037C000000098460F469146FBF7B0FD1A4B1B6868
:1037D000D3F8484124B365681F2D26DC5EB96B1C05
:1037E0000235DAF80000636044F82570FBF7A0FDAD
:1037F0000020BDE8F087012304EB8501C1F8889023
:10380000D4F88821AB401A43022EC4F88821C1F8AD
:103810000881E4D1D4F88C211343C4F88C31DEE75D
:1038200003F5A674C3F84841D5E7DAF80000FBF7C2
:103830007FFD4FF0FF30DCE7F84F010890080020D3
:1038400010B502FB01F1F6F7C5F9044668B150F86E
:10385000042C22F00302043A242A18D8132A06D88A
:1038600002460023C2E900339360204610BD0023C6
:103870001B2AC0E900330FD9242AC0E902330ABF4A
:10388000C0E9043300F1100200F11802E9E7002159
:10389000F6F74EFC204610BD00F10802E1E700BF3C
:1038A00070B500294BD00C46054610B1836B002B38
:1038B00048D0636ED80734D5B4F90C30002B3ED015
:1038C00021462846FBF7E2F8E36A064633B128466C
:1038D000E16998470028B8BF4FF0FF36A3891A0660
:1038E0003BD4216B41B104F14003994202D02846F8
:1038F000FBF760FA00232363616C21B12846FBF7D4
:1039000059FA00236364FBF7E3F90022636EA28196
:10391000DB0727D5A06DFBF707FDFBF7DFF9304686
:1039200070BDA3899905CBD4A06DFBF7FFFCB4F95A
:103930000C30002BC4D1666E16F0010608D00026AC
:10394000304670BDFBF796F9636ED807B4D4E8E74C
:10395000A06DFBF7EDFC304670BD28462169FBF7F2
:1039600029FABEE7A06DFBF7E3FCD3E72DE9F043AE
:1039700083B0074688461446FBF7CAFC012803D1EA
:1039800008F1FF33FE2B33D94246384604F15C037D
:1039900001A900F075FD421C06462FD018B39DF812
:1039A000041000250DF1040908E023685A1C226068
:1039B00019700135B54216D215F80910A368013BFC
:1039C000002BA360F1DAA269934201DB0A29ECD152
:1039D0002246384600F0FCFC431CEAD1064630463D
:1039E00003B0BDE8F0834646304603B0BDE8F0833F
:1039F0005FFA88F106468DF80410D2E73046A389B5
:103A000043F04003A38103B0BDE8F08330B5536EAB
:103A1000144613F0010FB2F90C30054683B09AB288
:103A200001D198051CD5900406D4626E43F400536E
:103A300042F40052A381626628462246FFF796FFB1
:103A4000636E0546DA0702D4A3899B0502D5284692
:103A500003B030BDA06DFBF76BFC284603B030BD52
:103A6000A06D0191FBF762FCB4F90C3001999AB298
:103A7000D9E700BF70B50C4603460026074D204627
:103A800011461C462E60F4F791FD431C00D070BD1A
:103A90002B68002BFBD0236070BD00BF0C250020DD
:103AA0002DE9F0410569B5EB611F2FDD00F114042C
:103AB0004F1111F01F0C04EB850604EB87032BD08C
:103AC00054F8272004339E4222FA0CF1CCF120084E
:103AD00018D9A6461A6802FA08F20A434EF8042BCF
:103AE00053F8041B9E4221FA0CF1F3D8EB1B9B0008
:103AF000053B9B08013344F8231004EB8303C9B151
:103B0000043317E0234641610029F9D10023036102
:103B100000234361BDE8F0819E4288BF00F110029E
:103B2000F4D953F8041B9E4242F8041FF9D8EB1B4A
:103B300004EB83031A1B9210A3420261E8D0BDE894
:103B4000F08100BF2DE9F04FB84C8BB00590206894
:103B500089460446019207930390F6F751FD024609
:103B60002046D9F800301044997810F801BC30296B
:103B700040F0DB816FF00100C01A03331C4600EBFC
:103B8000030A13F8011B3029F8D0DFF8A48218F8D3
:103B90000130002B00F0ED8000273D46237818F817
:103BA000033026462BB116F8013F18F80330002BDE
:103BB000F9D130460399029200F050FB029A00902E
:103BC000002800F08E80002D40F08E803378009524
:103BD00003F0DF03502B354600F09080C9F80060F9
:103BE000002F40F0A8802B1B013B072B394604DD3A
:103BF0005B10072B01F10101FADC05980492FBF739
:103C000009FDAC4200F114060290069680F0B781DF
:103C10000027049AB946C2F10103049311E0202F52
:103C200000F092803946043715F8013C554618F8E3
:103C30000330A54203F00F0303FA01F349EA030935
:103C400016D915F8013C05F1FF3A5B45E7D1049B15
:103C50005344A342E3D3184603990992089300F012
:103C6000FDFADDE908320028D9D11D46A542E8D881
:103C7000069B46F8049BF61A029BB6101E61484646
:103C8000FBF786FD019B76011C68301AA04200F309
:103C9000AC80C0F229810027019B009A9B68934267
:103CA000C0F262810198009A436893427EDD9D1ABA
:103CB000AC4200F3BF80C268022A00F07781032A79
:103CC00000F09281012A00F0808150250598029928
:103CD000FBF7C6FC00232846149A13600BB0BDE81E
:103CE000F08F002D00F00F81AD1BAB0000933378F7
:103CF000354603F0DF03502B7FF470AF6B782B2B2E
:103D000000F0F0802D2B6CD000206E1C18F80330D2
:103D1000591E182963D87178103B18F80110013624
:103D200001BB00B15B420099C9F8006019440091E1
:103D3000002F3FF458AFBAF1000F14BF002506253D
:103D400028460BB0BDE8F08F002146F8049B0427FD
:103D5000894669E716F8011FACF1100318F8011045
:103D60000029DED003EB830C192901EB4C0CF1DDAB
:103D7000D7E720460399009200F070FA009A0028D5
:103D800076D1A15CA51818F80130002B72D030292B
:103D90002C4605D114F8013F302BFBD018F8033026
:103DA000B3FA83F74FF0010A7F09FAE6012557B10C
:103DB000019BDB68022B65D0032B67D0012B00F041
:103DC000888045F01005149B28461A46029B136014
:103DD000079B1A46009B13600BB0BDE8F08F2E4680
:103DE000FCE60120AB78AE1C90E7029D061B314635
:103DF0002846FCF76DF8074678B10127721E069930
:103E0000531151F8231002F01F0307FA03F30B427A
:103E100003D0BA4200F3BD800227009B31463344F1
:103E200002980093FFF73CFE36E700BF38540108C4
:103E3000385301086E1E002F40F09F80002E40F086
:103E4000A28001230699721151F8222006F01F0664
:103E500003FA06F629461642029818BF47F00207F1
:103E6000FFF71EFE019B641B5B68022500939EE723
:103E70002546217801F0DF01502900F09380C9F830
:103E8000005058E7159BC3F101031593159B002BB8
:103E900097D0029ADDF818C01669002763460CEB2C
:103EA00086004FEA860903E0984243F8047C40D933
:103EB000194653F8042BB2F1FF3FF5D00132022D21
:103EC0000A6000F0968014F01F0440F0B5802125B0
:103ED00079E7BA077FF575AF069B1B681F43FB07A1
:103EE000D7D46EE700207DE7261A3246029905985E
:103EF000FBF79AFD009B00279B1B0093034614339E
:103F000002900693C8E6B35CB01818F80310064692
:103F100000293FF45DAE16F8013F18F803100029A0
:103F2000F9D1801B8100009152E64FF0000A9C1CE1
:103F30002BE6029B9B689E4262DA3346012102987F
:103F40005A18022D00EB83030261596151D0964249
:103F5000B9DA01210298FFF7A3FD019B009A9B6843
:103F6000013293420092B2DA02990598FBF778FB8E
:103F70000023149AA3251360E2E6012761E74FF0BE
:103F80000009069E74E631460298FBF7A1FF07463A
:103F900057E72846B11EFBF79BFF00283FF43CAFD4
:103FA00003273AE7002301270093A7E6159A002A82
:103FB0007FF48BAE0122079962250B60029B069964
:103FC0001A610A60149A1360BAE6AC427FF47DAEBF
:103FD000012CEFD00298611EFBF77AFF00283FF416
:103FE00074AE019B5B68E5E7159A002A3FF46DAE5D
:103FF000E0E7019B1B68013BA34229D02225E2E6B2
:10400000029FDDF814A0796850460131FBF702FBEE
:10401000394680463B690C3102339A000C30EDF78B
:10402000ABFF39465046FBF71BFBD8F81030CDF8F4
:10403000088008F1140C81E70CEB090757F8040C11
:10404000FBF7A6FBC4F12004A042BFF640AF80E717
:10405000012362115CF8222004F01F04A3401342E4
:104060000CBF22252125AEE630B4046808E014F820
:10407000013FA3F14105192D98BF2033934208D188
:1040800011F8012B002AF2D101340460012030BC68
:104090007047002030BC70472DE9F04F096885B0AB
:1040A0004B1102EB830311F01F011CBF1D460433AB
:1040B000009308BF1D1F0023019003910199086818
:1040C0000099013041F8043C0478002C00F0A480F1
:1040D000AC469A461E46984629469646DFF85491C5
:1040E00002950EE0202C00F29380B24506DA61457D
:1040F00001D2072B79DD8E455FD3082310F8014FDD
:1041000094B119F80450002DECD00133082B06F1BE
:1041100001064ADC0A68120105F00F0515430D601F
:1041200010F8014F002CECD17246029D002E73D086
:104130008C4513D9072B11DC0846C3F108039B00FB
:104140000E68C3F1200E476807FA0EF4344327FACD
:1041500003F6046040F8046F8445F4D88A4234D2F0
:104160000B46101F53F8044BAB4240F8044FF9D9EB
:104170006B1A23F0030301310433681C884238BFF3
:1041800004230021134443F8041BAB42FBD9009BDA
:1041900053F8043C2BB9AA4242D055F8043D002BF9
:1041A000F9D0052005B0BDE8F08F8E45A6D241F8C4
:1041B000048C002201230439AEE7A1F1040C41F87C
:1041C000048CB2466146002398E7039B002BDED0A7
:1041D0004FF0FF33009C039954F8040CC1F1200107
:1041E000CB40034044F8043CD4E70C46C3F1080339
:1041F0009B000F68C3F1200B656805FA0BF23A4388
:1042000025FA03F7226044F8047F6445F4D372E78B
:10421000292C7246029D09D0042005B0BDE8F08F1C
:10422000012305202B6005B0BDE8F08F019C013013
:1042300020607BE738530108002238B5064D04465C
:1042400008462A60F4F766F9431C00D038BD2B6895
:10425000002BFBD0236038BD0C2500209AB3F0B4AE
:1042600040EA0105AD0704460346084628D02078F9
:104270000B78834229D1012A2AD0254650B115F85E
:10428000010F11F8013F98421FD1EB431344E3188B
:10429000F4D11846F0BC704707681C4653F8045B1D
:1042A0000146A5F10136BD4200F1040026EA0506EB
:1042B000DDD1043A0CD016F0803F09D11C460146EE
:1042C000032AE9D8D3E710467047C01AF0BC7047FC
:1042D0000020F0BC704700BF2DE9F04F9368914675
:1042E00083B0002B6DD0176880460C4608688D6837
:1042F000083743E0A38913F4906F2ED0D4E9041556
:1043000005EB4505A0EB010A05EBD5750AEB0600A8
:104310006D100130A8422A4684BF05462A465B0537
:1043200036D511464046F5F755FC00283AD052469E
:1043300021690190EDF720FEA289019B22F4906291
:1043400042F08002A281A5EB0A0203EB0A0065613C
:10435000B246354623612060A26059465246FBF7BB
:10436000EFF8D9F80830A16820684D1B50449E1B17
:10437000A5602060C9F808601EB3083757E902B687
:10438000002EFAD0B542AA46B4D93546B246E4E783
:104390004046FBF7EBFD03460028D4D14046216997
:1043A000FAF708FD0C2300224FF0FF30C8F8003068
:1043B000A38943F04003A381C9E9012203B0BDE80A
:1043C000F08F0020C9F8040003B0BDE8F08F00BFF3
:1043D000F8B50D461446064610B1836B002B43D04A
:1043E000B4F90C20A3691707A36090B21BD5236909
:1043F000CBB1EDB281042F4622D522686169D31A70
:10440000994229DD0133A168501C0139A160206067
:10441000157062699A422AD0A389DB0701D50A2D5B
:1044200025D03846F8BD21463046F9F7CFFA20BBF3
:10443000B4F90C20EDB290B281042F462369DCD48C
:10444000616E42F4005221F40051A281226861663B
:104450006169D31A9942D5DC21463046FAF7AEFBA2
:1044600058B901232268CEE7FAF704FCB8E72146E1
:104470003046FAF7A3FB0028D3D04FF0FF37D0E740
:1044800070B506461D4684B039B10B4CD4F8E040F7
:10449000A047431C0AD004B070BD0C460649224612
:1044A000D1F8E04001A9A047431CF4D100228A239F
:1044B0002A60336004B070BD94080020F8B500BFD6
:1044C000F8BC08BC9E467047F8B500BFF8BC08BCF5
:0444D0009E4670474D
:1044D80000000000000000000102030406070809AC
:1044E80000000000010203043130447269766572ED
:1044F8004261736500000000544F0108F044010850
:104508000000190032004B0065007E009700B000E3
:10451800C900E200FB0014012D0146015F0178018A
:104528009101AA01C301DC01F5010E022702400234
:10453800590272028B02A302BC02D502EE020603E4
:104548001F0338035003690381039A03B203CB03A3
:10455800E303FC0314042C0444045D0475048D0473
:10456800A504BD04D504ED0405051D0534054C0559
:1045780064057C059305AB05C205DA05F105080657
:104588001F0637064E0665067C069306AA06C10670
:10459800D706EE0605071B07320748075E077507AB
:1045A8008B07A107B707CD07E307F9070E0824080B
:1045B8003A084F0865087A088F08A508BA08CF088E
:1045C800E408F8080D09220937094B095F0974093D
:1045D80088099C09B009C409D809EC09FF09130A1C
:1045E800260A3A0A4D0A600A730A860A990AAC0A28
:1045F800BF0AD10AE40AF60A080B1B0B2D0B3E0B67
:10460800500B620B740B850B970BA80BB90BCA0BDD
:10461800DB0BEC0BFC0B0D0C1E0C2E0C3E0C4E0C8D
:104628005E0C6E0C7E0C8E0C9D0CAC0CBC0CCB0C7A
:10463800DA0CE90CF80C060D150D230D320D400DA2
:104648004E0D5C0D690D770D850D920D9F0DAC0D0E
:10465800B90DC60DD30DDF0DEC0DF80D040E100EBF
:104668001C0E280E340E3F0E4B0E560E610E6C0EAD
:10467800770E810E8C0E960EA10EAB0EB50EBF0EE8
:10468800C80ED20EDB0EE40EEE0EF70EFF0E080F6C
:10469800110F190F210F290F310F390F410F480F33
:1046A800500F570F5E0F650F6C0F720F790F7F0F4A
:1046B800850F8B0F910F970F9C0FA20FA70FAC0FB1
:1046C800B10FB60FBB0FBF0FC40FC80FCC0FD00F61
:1046D800D40FD70FDB0FDE0FE10FE40FE70FEA0F60
:1046E800EC0FEF0FF10FF30FF50FF70FF80FFA0FAD
:1046F800FB0FFC0FFD0FFE0FFF0FFF0F0010001048
:10470800001000100010FF0FFF0FFE0FFD0FFC0F31
:10471800FB0FFA0FF80FF70FF50FF30FF10FEF0F6D
:10472800EC0FEA0FE70FE40FE10FDE0FDB0FD70FF7
:10473800D40FD00FCC0FC80FC40FBF0FBB0FB60FCD
:10474800B10FAC0FA70FA20F9C0F970F910F8B0FF4
:10475800850F7F0F790F720F6C0F650F5E0F570F64
:10476800500F480F410F390F310F290F210F190F23
:10477800110F080FFF0EF70EEE0EE40EDB0ED20E31
:10478800C80EBF0EB50EAB0EA10E960E8C0E810E86
:10479800770E6C0E610E560E4B0E3F0E340E280E21
:1047A8001C0E100E040EF80DEC0DDF0DD30DC60D0A
:1047B800B90DAC0D9F0D920D850D770D690D5C0D32
:1047C8004E0D400D320D230D150D060DF80CE90C9C
:1047D800DA0CCB0CBC0CAC0C9D0C8E0C7E0C6E0C4D
:1047E8005E0C4E0C3E0C2E0C1E0C0D0CFC0BEC0B38
:1047F800DB0BCA0BB90BA80B970B850B740B620B61
:10480800500B3E0B2D0B1B0B080BF60AE40AD10AC2
:10481800BF0AAC0A990A860A730A600A4D0A3A0A5C
:10482800260A130AFF09EC09D809C409B0099C092A
:10483800880974095F094B09370922090D09F80825
:10484800E408CF08BA08A5088F087A0865084F0851
:104858003A0824080E08F907E307CD07B707A107A8
:104868008B0775075E07480732071B070507EE0623
:10487800D706C106AA0693067C0665064E063706C5
:104888001F060806F105DA05C205AB0593057C0588
:1048980064054C0534051D050505ED04D504BD0466
:1048A800A5048D0475045D0444042C041404FC035D
:1048B800E303CB03B2039A0381036903500338036C
:1048C8001F030603EE02D502BC02A3028B0272028A
:1048D8005902400227020E02F501DC01C301AA01B8
:1048E800910178015F0146012D011401FB00E200EE
:1048F800C900B00097007E0065004B003200190027
:104908000000E7FFCEFFB5FF9BFF82FF69FF50FF66
:1049180037FF1EFF05FFECFED3FEBAFEA1FE88FEA0
:104928006FFE56FE3DFE24FE0BFEF2FDD9FDC0FDD6
:10493800A7FD8EFD75FD5DFD44FD2BFD12FDFAFC06
:10494800E1FCC8FCB0FC97FC7FFC66FC4EFC35FC27
:104958001DFC04FCECFBD4FBBCFBA3FB8BFB73FB37
:104968005BFB43FB2BFB13FBFBFAE3FACCFAB4FA31
:104978009CFA84FA6DFA55FA3EFA26FA0FFAF8F913
:10498800E1F9C9F9B2F99BF984F96DF956F93FF9DA
:1049980029F912F9FBF8E5F8CEF8B8F8A2F88BF87F
:1049A80075F85FF849F833F81DF807F8F2F7DCF7FF
:1049B800C6F7B1F79BF786F771F75BF746F731F75C
:1049C8001CF708F7F3F6DEF6C9F6B5F6A1F68CF68D
:1049D80078F664F650F63CF628F614F601F6EDF58E
:1049E800DAF5C6F5B3F5A0F58DF57AF567F554F562
:1049F80041F52FF51CF50AF5F8F4E5F4D3F4C2F403
:104A0800B0F49EF48CF47BF469F458F447F436F46B
:104A180025F414F404F4F3F3E2F3D2F3C2F3B2F39B
:104A2800A2F392F382F372F363F354F344F335F38E
:104A380026F317F308F3FAF2EBF2DDF2CEF2C0F246
:104A4800B2F2A4F297F289F27BF26EF261F254F2BA
:104A580047F23AF22DF221F214F208F2FCF1F0F1E9
:104A6800E4F1D8F1CCF1C1F1B5F1AAF19FF194F1DB
:104A780089F17FF174F16AF15FF155F14BF141F180
:104A880038F12EF125F11CF112F109F101F1F8F0DC
:104A9800EFF0E7F0DFF0D7F0CFF0C7F0BFF0B8F0F5
:104AA800B0F0A9F0A2F09BF094F08EF087F081F0BE
:104AB8007BF075F06FF069F064F05EF059F054F037
:104AC8004FF04AF045F041F03CF038F034F030F067
:104AD8002CF029F025F022F01FF01CF019F016F048
:104AE80014F011F00FF00DF00BF009F008F006F0DB
:104AF80005F004F003F002F001F001F000F000F01E
:104B080000F000F000F001F001F002F003F004F012
:104B180005F006F008F009F00BF00DF00FF011F0B9
:104B280014F016F019F01CF01FF022F025F029F00F
:104B38002CF030F034F038F03CF041F045F04AF019
:104B48004FF054F059F05EF064F069F06FF075F0D2
:104B58007BF081F087F08EF094F09BF0A2F0A9F042
:104B6800B0F0B8F0BFF0C7F0CFF0D7F0DFF0E7F063
:104B7800EFF0F8F001F109F112F11CF125F12EF135
:104B880038F141F14BF155F15FF16AF174F17FF1C0
:104B980089F194F19FF1AAF1B5F1C1F1CCF1D8F105
:104BA800E4F1F0F1FCF108F214F221F22DF23AF2FC
:104BB80047F254F261F26EF27BF289F297F2A4F2B4
:104BC800B2F2C0F2CEF2DDF2EBF2FAF208F317F32A
:104BD80026F335F344F354F363F372F382F392F359
:104BE800A2F3B2F3C2F3D2F3E2F3F3F304F414F44E
:104BF80025F436F447F458F469F47BF48CF49EF405
:104C0800B0F4C2F4D3F4E5F4F8F40AF51CF52FF582
:104C180041F554F567F57AF58DF5A0F5B3F5C6F5C8
:104C2800DAF5EDF501F614F628F63CF650F664F6DA
:104C380078F68CF6A1F6B5F6C9F6DEF6F3F608F7BF
:104C48001CF731F746F75BF771F786F79BF7B1F773
:104C5800C6F7DCF7F2F707F81DF833F849F85FF8FC
:104C680075F88BF8A2F8B8F8CEF8E5F8FBF812F961
:104C780029F93FF956F96DF984F99BF9B2F9C9F99F
:104C8800E1F9F8F90FFA26FA3EFA55FA6DFA84FABC
:104C98009CFAB4FACCFAE3FAFBFA13FB2BFB43FBBE
:104CA8005BFB73FB8BFBA3FBBCFBD4FBECFB04FCA7
:104CB8001DFC35FC4EFC66FC7FFC97FCB0FCC8FC78
:104CC800E1FCFAFC12FD2BFD44FD5DFD75FD8EFD3A
:104CD800A7FDC0FDD9FDF2FD0BFE24FE3DFE56FEEC
:104CE8006FFE88FEA1FEBAFED3FEECFE05FF1EFF96
:104CF80037FF50FF69FF82FF9BFFB5FFCEFFE7FF3D
:104D080000000000B44F0108184D010800450108D3
:104D180031325442363748343530426173650000C9
:104D280025643A2025640D0A000000003131456EE3
:104D3800636F64657242617365000000544F010837
:104D4800344D0108B44F0108584D0108444D01087D
:104D580031304D54363831364261736500000000F9
:104D680002030405060708090A0B0C0D0E0F1010A4
:104D78000102000002030405060708090A0B0C0DCE
:104D88000E0F1010010200003130427574746F6EFE
:104D98004261736500000000544F0108904D0108FE
:104DA800B44F0108B44D0108A04D0108364275748E
:104DB800746F6E0000000000A84D0108C985000846
:104DC8003231456E636F64657243616C696272610A
:104DD800746F724261736500544F0108C84D010831
:104DE800B44F0108F44D0108E04D01083137456E14
:104DF800636F64657243616C69627261746F72009B
:104E080000000000E84D0108158600082586000806
:104E18003586000845860008374C6564426173652D
:104E280000000000544F0108204E0108B44F01084B
:104E3800404E01082C4E0108334C65640000000008
:104E480000000000344E010865860008B44F0108D0
:104E5800604E01084C4D0108364D54363831360045
:104E680000000000544E0108C34B0008FD4B000829
:104E7800934C000899860008A1860008B44F0108E1
:104E8800904E01080C4D01083854423637483435E5
:104E98003000000000000000844E0108AF32000816
:104EA800C53200089F330008CD3300089533000849
:104EB8003D870008A1870008D9860008ED8600080C
:104EC800158700084B4559310D0000004B455932F4
:104ED8000D00000063202566000000005B6572720B
:104EE8006F725D20436F6D6D616E6420666F726DC9
:104EF8006174206572726F72210D0000762025663C
:104F0800000000007020256600000000742025665F
:104F180020256600B44F0108284F0108D84F010822
:104F28004E31305F5F637878616269763131375F1F
:104F38005F636C6173735F747970655F696E666FC8
:104F480045000000000000001C4F0108E197000820
:104F5800F5970008C1990008C199000871980008E0
:104F68009D9700085598000811980008D5970008E3
:104F7800B44F0108844F01081C4F01084E31305FBF
:104F88005F637878616269763132305F5F73695F39
:104F9800636C6173735F747970655F696E666F4582
:104FA8000000000000000000784F0108A1980008E8
:104FB800B5980008C1990008C199000871980008BF
:104FC8009D970008919900080D990008D19800084C
:104FD800544F0108E04F0108537439747970655FC4
:104FE800696E666F000000007371727466000000DD
:104FF800580000200A00000065256C6400000000CD
:105008000A00010002000300040005000600070072
:10501800080009000A000B000C000D000E000F002C
:1050280010000000494E4600696E66004E414E0071
:105038006E616E003031323334353637383961625B
:10504800636465660000000030313233343536372A
:10505800383941424344454600000000286E756CCB
:105068006C29000030000000202020202020202073
:1050780020202020202020203030303030303030A8
:1050880030303030303030300020202020202020B8
:1050980020202828282828202020202020202020E0
:1050A80020202020202020202088101010101010F0
:1050B800101010101010101010040404040404043C
:1050C80004040410101010101010414141414141D6
:1050D80001010101010101010101010101010101B8
:1050E80001010101101010101010424242424242C8
:1050F8000202020202020202020202020202020288
:10510800020202021010101020000000000000002F
:105118000000000000000000000000000000000087
:105128000000000000000000000000000000000077
:105138000000000000000000000000000000000067
:105148000000000000000000000000000000000057
:105158000000000000000000000000000000000047
:105168000000000000000000000000000000000037
:105178000000000000000000000000000000000027
:105188000000000000000000000000004E614E001A
:10519800496E66696E69747900000000430000007A
:1051A800504F5349580000002E0000000000000036
:1051B8000080E03779C34143176E05B5B5B893460B
:1051C800F5F93FE9034F384D321D30F94877825AD7
:1051D8003CBF737FDD4F1575000000000000F03FF5
:1051E80000000000000024400000000000005940BA
:1051F8000000000000408F40000000000088C3400D
:1052080000000000006AF8400000000080842E4181
:1052180000000000D01263410000000084D79741CD
:105228000000000065CDCD41000000205FA00242D3
:10523800000000E876483742000000A2941A6D4248
:10524800000040E59C30A2420000901EC4BCD6423B
:1052580000003426F56B0C430080E03779C34143E6
:1052680000A0D8855734764300C84E676DC1AB435C
:10527800003D9160E458E143408CB5781DAF15447A
:1052880050EFE2D6E41A4B4492D54D06CFF0804455
:10529800F64AE1C7022DB544B49DD9794378EA446A
:1052A80005000000190000007D0000006E66000087
:1052B800696E697479000000616E000035000000B5
:1052C800CEFBFFFFCB030000010000000000000040
:1052D80034000000CEFBFFFFCB03000001000000FC
:1052E8000000000000000000BC89D897B2D29C3CA6
:1052F80033A7A8D523F649393DA7F444FD0FA532B5
:105308009D978CCF08BA5B25436FAC64280668115B
:105318002020202020202020202020202020202085
:105328003030303030303030303030303030303075
:105338000000000000000000000000000000000065
:105348000000000000000000000000000000000055
:105358000000000000000000000000000000000045
:105368001011121314151617181900000000000068
:10537800001A1B1C1D1E1F0000000000000000007A
:105388000000000000000000000000000000000015
:10539800001A1B1C1D1E1F0000000000000000005A
:1053A80000000000000000000000000000000000F5
:1053B80000000000000000000000000000000000E5
:1053C80000000000000000000000000000000000D5
:1053D80000000000000000000000000000000000C5
:1053E80000000000000000000000000000000000B5
:1053F80000000000000000000000000000000000A5
:105408000000000000000000000000000000000094
:105418000000000000000000000000000000000084
:105428000000000000000000000000000000000074
:0C543800B0510108304D0108000A0020AE
:1054440008B10181B0B000840000000008B10181FE
:10545400B0B000840000000008B10181B0B0008445
:105464000000000008B10181B0B000840000000019
:1054740008B10181B0B000840000000008B10181CE
:10548400B0B000840000000008B10181B0B0008415
:105494000000000008B10181B0B0008400000000E9
:1054A40008B10181B0B000840000000008B101819E
:1054B400B0B000840000000008B10181B0B00084E5
:1054C4000000000008B10181B0B0008400000000B9
:1054D40008B10181B0B000840000000008B101816E
:0854E400B0B0008400000000DC
:1054EC00FCBBFE7F010000008CBCFE7FB0A90280DB
:1054FC0024BDFE7FB0B0A88074BDFE7F010000000B
:10550C0080BDFE7FB0B0AA80B4BDFE7FAE71B2800C
:10551C0070BEFE7F010000006CBEFE7FAB3F38808A
:10552C00C4BEFE7F01000000D0BEFE7FB0B0AA80DA
:10553C000CBFFE7F01000000BCBFFE7FAB0EB28033
:10554C0028C0FE7FB0AF0880C8C2FE7F01000000FB
:10555C00CCC2FE7FAD3F02802CC5FE7F0100000057
:10556C0008C7FE7F008404801CC7FE7F010000007A
:10557C0018C7FE7FB0AD0480ACC9FE7FB0A8038015
:10558C00CCC9FE7F44FFFF7FD0C9FE7F48FFFF7F61
:10559C00DCC9FE7F010000000ADDFE7FB0B0A880F0
:1055AC0018DDFE7FA908B180E0DDFE7F8CFEFF7F59
:1055BC00E2DDFE7FA908B18008DEFE7FB0B0A880D6
:1055CC002CDEFE7F01000000E4E3FE7FB0B0A8807B
:1055DC00E0E4FE7FA908B180F4E5FE7F0100000045
:1055EC0074E9FE7FA908B180ECEEFE7FB0B0A88014
:1055FC00FAEEFE7F010000003CEFFE7FB0B0AA8007
:10560C0006F1FE7F0100000040F1FE7FB0B0AE80DD
:10561C0018F3FE7FAF08B1809EF5FE7FB0B0A88076
:10562C00D0F5FE7FA908B1805EF6FE7F0100000078
:10563C005AF6FE7FA908B180B2F6FE7FB0B0A88002
:10564C005CF8FE7F01000000742DFF7FB0A906807E
:10565C00D42DFF7F01000000642FFF7FE8FDFF7F4A
:10566C00942FFF7FECFDFF7FA02FFF7FF0FDFF7FCE
:10567C00A82FFF7FF4FDFF7FB02FFF7FF8FDFF7F8A
:10568C00B82FFF7F00840280D02FFF7FF4FDFF7FB7
:10569C00FC2FFF7FF8FDFF7FFC2FFF7FB0A906805A
:1056AC002C30FF7F010000008830FF7FB0A90680FE
:1056BC00E430FF7FE4FDFF7FE430FF7FE8FDFF7FF8
:1056CC002C31FF7FECFDFF7F9431FF7F0100000048
:1056DC005834FF7FB0AB02806C36FF7FAD08B180D1
:1056EC003C37FF7FAB08B180F837FF7FD0FDFF7FE1
:1056FC002038FF7F010000002838FF7FB0AD02800A
:10570C00143FFF7FB0A803808840FF7FB0AA0380BE
:10571C00B840FF7F010000006C42FF7FB0B0AC804E
:08572C009042FF7F0100000024
:0C5734009DDA0008350100081D8F0008F8
:04574000110100084B
:1057440000127A000101000010000000007C010832
:10575400008000002000000000000000504E0108FE
:105764000000000000000000000001000000000034
:105774000000000001000000000000000000000024
:10578400000000000000000008000000000000000D
:105794000100000058000020000000004403002025
:1057A400AC030020140400200000000000000000EE
:1057B40000000000000000000000000000000000E5
:1057C40000000000000000000000000000000000D5
:1057D40000000000000000000000000000000000C5
:1057E40000000000000000000000000000000000B5
:1057F40000000000000000000000000000000000A5
:105804000000000000000000000000000000000094
:105814000000000000000000000000000000000084
:105824000000000000000000000000000000000074
:105834000000000000000000000000000000000064
:1058440001000000000000000E33CDAB34126DE601
:10585400ECDE05000B00000000000000000000006A
:105864000000000000000000000000000000000034
:105874000000000000000000000000000000000024
:105884000000000000000000000000000000000014
:105894000000000000000000000000000000000004
:1058A40000000000000000000000000000000000F4
:1058B40000000000000000000000000000000000E4
:1058C40000000000000000000000000000000000D4
:1058D40000000000000000000000000000000000C4
:1058E40000000000000000000000000000000000B4
:1058F40000000000000000000000000000000000A4
:105904000000000000000000000000000000000093
:105914000000000000000000000000000000000083
:105924000000000000000000000000000000000073
:105934000000000000000000000000000000000063
:105944000000000000000000000000000000000053
:105954000000000000000000000000000000000043
:105964000000000000000000000000000000000033
:105974000000000000000000000000000000000023
:105984000000000000000000000000000000000013
:105994000000000000000000000000000000000003
:1059A40000000000000000000000000000000000F3
:1059B40000000000000000000000000000000000E3
:1059C40000000000000000000000000000000000D3
:1059D40000000000000000000000000000000000C3
:1059E40000000000000000000000000000000000B3
:1059F40000000000000000000000000000000000A3
:105A04000000000000000000000000000000000092
:105A14000000000000000000000000000000000082
:105A24000000000000000000000000000000000072
:105A34000000000000000000000000000000000062
:105A44000000000000000000000000000000000052
:105A54000000000000000000000000000000000042
:105A64000000000000000000000000000000000032
:105A74000000000000000000000000000000000022
:105A84000000000000000000000000000000000012
:105A94000000000000000000000000000000000002
:105AA40000000000000000000000000000000000F2
:105AB40000000000000000000000000000000000E2
:105AC40000000000000000000000000000000000D2
:105AD40000000000000000000000000000000000C2
:105AE40000000000000000000000000000000000B2
:105AF40000000000000000000000000000000000A2
:105B04000000000000000000000000000000000091
:105B14000000000000000000000000000000000081
:105B24000000000000000000000000000000000071
:105B34000000000000000000000000000000000061
:105B44000000000000000000000000000000000051
:105B54000000000000000000000000000000000041
:105B64000000000000000000000000000000000031
:105B74000000000000000000000000000000000021
:105B84000000000000000000000000000000000011
:105B94000000000000000000000000000000000001
:105BA40000000000000000000000000000000000F1
:105BB40000000000000000000000000000000000E1
:105BC4000000000000000000800400208004002089
:105BD4008804002088040020900400209004002001
:105BE4009804002098040020A0040020A0040020B1
:105BF400A8040020A8040020B0040020B004002061
:105C0400B8040020B8040020C0040020C004002010
:105C1400C8040020C8040020D0040020D0040020C0
:105C2400D8040020D8040020E0040020E004002070
:105C3400E8040020E8040020F0040020F004002020
:105C4400F8040020F80400200005002000050020CE
:105C5400080500200805002010050020100500207C
:105C6400180500201805002020050020200500202C
:105C740028050020280500203005002030050020DC
:105C8400380500203805002040050020400500208C
:105C9400480500204805002050050020500500203C
:105CA40058050020580500206005002060050020EC
:105CB400680500206805002070050020700500209C
:105CC400780500207805002080050020800500204C
:105CD40088050020880500209005002090050020FC
:105CE4009805002098050020A0050020A0050020AC
:105CF400A8050020A8050020B0050020B00500205C
:105D0400B8050020B8050020C0050020C00500200B
:105D1400C8050020C8050020D0050020D0050020BB
:105D2400D8050020D8050020E0050020E00500206B
:105D3400E8050020E8050020F0050020F00500201B
:105D4400F8050020F80500200006002000060020C9
:105D54000806002008060020100600201006002077
:105D64001806002018060020200600202006002027
:105D740028060020280600203006002030060020D7
:105D84003806002038060020400600204006002087
:105D94004806002048060020500600205006002037
:105DA40058060020580600206006002060060020E7
:105DB4006806002068060020700600207006002097
:105DC4007806002078060020800600208006002047
:105DD40088060020880600209006002090060020F7
:105DE4009806002098060020A0060020A0060020A7
:105DF400A8060020A8060020B0060020B006002057
:105E0400B8060020B8060020C0060020C006002006
:105E1400C8060020C8060020D0060020D0060020B6
:105E2400D8060020D8060020E0060020E006002066
:105E3400E8060020E8060020F0060020F006002016
:105E4400F8060020F80600200007002000070020C4
:105E54000807002008070020100700201007002072
:105E64001807002018070020200700202007002022
:105E740028070020280700203007002030070020D2
:105E84003807002038070020400700204007002082
:105E94004807002048070020500700205007002032
:105EA40058070020580700206007002060070020E2
:105EB4006807002068070020700700207007002092
:105EC4007807002078070020800700208007002042
:105ED40088070020880700209007002090070020F2
:105EE4009807002098070020A0070020A0070020A2
:105EF400A8070020A8070020B0070020B007002052
:105F0400B8070020B8070020C0070020C007002001
:105F1400C8070020C8070020D0070020D0070020B1
:105F2400D8070020D8070020E0070020E007002061
:105F3400E8070020E8070020F0070020F007002011
:105F4400F8070020F80700200008002000080020BF
:105F5400080800200808002010080020100800206D
:105F6400180800201808002020080020200800201D
:105F740028080020280800203008002030080020CD
:105F8400380800203808002040080020400800207D
:105F9400480800204808002050080020500800202D
:105FA40058080020580800206008002060080020DD
:105FB400680800206808002070080020700800208D
:105FC4007808002078080020FFFFFFFF000002008F
:105FD400E82400204300000000000000000000004E
:105FE40000000000000000000000000000000000AD
:105FF400000000004300000000000000000000005A
:10600400000000000000000000000000000000008C
:106014000000000043000000000000000000000039
:10602400000000000000000000000000000000006C
:106034000000000043000000000000000000000019
:10604400000000000000000000000000000000004C
:1060540000000000430000000000000000000000F9
:10606400000000000000000000000000000000002C
:1060740000000000430000000000000000000000D9
:10608400000000000000000000000000000000000C
:1060940000000000430000000000000000000000B9
:1060A40000000000000000000000000000000000EC
:1060B400000000009937010895F400080000000072
:1060C40090500108B0510108304D0108304D0108CD
:1060D400304D0108304D0108304D0108304D0108A4
:1060E400304D0108304D0108304D0108FFFFFFFF1E
:1060F400FFFFFFFFFFFFFFFFFFFF00000100415311
:1061040043494900000000000000000000000000B6
:1061140000000000000000000000000000004153E7
:106124004349490000000000000000000000000096
:10613400000000000000000000000000000000005B
:04614400FF00000058
:040000050800326558
:00000001FF
